loc_tech_carriers_prod,import_mwh,canton,tech_carrier,language_region,scenario_id
VS::ac_transmission:FRA::electricity,5074.008830330734,VS,ac_transmission:FRA::electricity,FR-CH,baseline
AG::ac_transmission:DEU::electricity,6983.712782344903,AG,ac_transmission:DEU::electricity,DE-CH,baseline
SG::ac_transmission:AUT::electricity,1406.813161117389,SG,ac_transmission:AUT::electricity,DE-CH,baseline
BL_BS::ac_transmission:DEU::electricity,6479.473041326401,BL_BS,ac_transmission:DEU::electricity,DE-CH,baseline
VS::ac_transmission:ITA::electricity,4188.425496060779,VS,ac_transmission:ITA::electricity,FR-CH,baseline
GR::ac_transmission:ITA::electricity,4291.723270959789,GR,ac_transmission:ITA::electricity,DE-CH,baseline
GE::ac_transmission:FRA::electricity,5883.81846505767,GE,ac_transmission:FRA::electricity,FR-CH,baseline
JU::ac_transmission:FRA::electricity,5570.694241630888,JU,ac_transmission:FRA::electricity,FR-CH,baseline
GR::ac_transmission:AUT::electricity,1081.8392164787392,GR,ac_transmission:AUT::electricity,DE-CH,baseline
TI::ac_transmission:ITA::electricity,3936.1257210152608,TI,ac_transmission:ITA::electricity,,baseline
TI::ac_transmission:ITA::electricity,4116.487244892345,TI,ac_transmission:ITA::electricity,,baseline_no_self_sufficiency_result_4H.nc
AG::ac_transmission:DEU::electricity,6677.675043010864,AG,ac_transmission:DEU::electricity,DE-CH,baseline_no_self_sufficiency_result_4H.nc
JU::ac_transmission:FRA::electricity,5104.3794996087,JU,ac_transmission:FRA::electricity,FR-CH,baseline_no_self_sufficiency_result_4H.nc
GR::ac_transmission:ITA::electricity,4445.075359670326,GR,ac_transmission:ITA::electricity,DE-CH,baseline_no_self_sufficiency_result_4H.nc
GE::ac_transmission:FRA::electricity,5551.915471664444,GE,ac_transmission:FRA::electricity,FR-CH,baseline_no_self_sufficiency_result_4H.nc
SG::ac_transmission:AUT::electricity,1337.694392966607,SG,ac_transmission:AUT::electricity,DE-CH,baseline_no_self_sufficiency_result_4H.nc
GR::ac_transmission:AUT::electricity,992.7283999895101,GR,ac_transmission:AUT::electricity,DE-CH,baseline_no_self_sufficiency_result_4H.nc
VS::ac_transmission:FRA::electricity,4724.42071211742,VS,ac_transmission:FRA::electricity,FR-CH,baseline_no_self_sufficiency_result_4H.nc
VS::ac_transmission:ITA::electricity,4381.7382500558015,VS,ac_transmission:ITA::electricity,FR-CH,baseline_no_self_sufficiency_result_4H.nc
BL_BS::ac_transmission:DEU::electricity,6048.974315652477,BL_BS,ac_transmission:DEU::electricity,DE-CH,baseline_no_self_sufficiency_result_4H.nc
TI::ac_transmission:ITA::electricity,3343.1442517514924,TI,ac_transmission:ITA::electricity,,policy_alpine_pv
AG::ac_transmission:DEU::electricity,6065.141778981071,AG,ac_transmission:DEU::electricity,DE-CH,policy_alpine_pv
SG::ac_transmission:AUT::electricity,949.3506012412635,SG,ac_transmission:AUT::electricity,DE-CH,policy_alpine_pv
JU::ac_transmission:FRA::electricity,4954.839284235255,JU,ac_transmission:FRA::electricity,FR-CH,policy_alpine_pv
GR::ac_transmission:AUT::electricity,793.2467084278982,GR,ac_transmission:AUT::electricity,DE-CH,policy_alpine_pv
VS::ac_transmission:FRA::electricity,4607.134175390304,VS,ac_transmission:FRA::electricity,FR-CH,policy_alpine_pv
BL_BS::ac_transmission:DEU::electricity,6044.603644782952,BL_BS,ac_transmission:DEU::electricity,DE-CH,policy_alpine_pv
GE::ac_transmission:FRA::electricity,5305.674897962059,GE,ac_transmission:FRA::electricity,FR-CH,policy_alpine_pv
GR::ac_transmission:ITA::electricity,3101.3872468092886,GR,ac_transmission:ITA::electricity,DE-CH,policy_alpine_pv
VS::ac_transmission:ITA::electricity,4232.733876547319,VS,ac_transmission:ITA::electricity,FR-CH,policy_alpine_pv
SG::ac_transmission:AUT::electricity,975.6896904749091,SG,ac_transmission:AUT::electricity,DE-CH,policy_chp
GR::ac_transmission:AUT::electricity,966.6488422847617,GR,ac_transmission:AUT::electricity,DE-CH,policy_chp
GR::ac_transmission:ITA::electricity,4259.026453714382,GR,ac_transmission:ITA::electricity,DE-CH,policy_chp
VS::ac_transmission:FRA::electricity,4598.1100206881465,VS,ac_transmission:FRA::electricity,FR-CH,policy_chp
AG::ac_transmission:DEU::electricity,6026.745387819319,AG,ac_transmission:DEU::electricity,DE-CH,policy_chp
BL_BS::ac_transmission:DEU::electricity,5986.590980186813,BL_BS,ac_transmission:DEU::electricity,DE-CH,policy_chp
JU::ac_transmission:FRA::electricity,5070.42725264558,JU,ac_transmission:FRA::electricity,FR-CH,policy_chp
GE::ac_transmission:FRA::electricity,5275.656337999809,GE,ac_transmission:FRA::electricity,FR-CH,policy_chp
TI::ac_transmission:ITA::electricity,3861.4253936723658,TI,ac_transmission:ITA::electricity,,policy_chp
VS::ac_transmission:ITA::electricity,4263.290527612046,VS,ac_transmission:ITA::electricity,FR-CH,policy_chp
GR::ac_transmission:AUT::electricity,1219.7506910353368,GR,ac_transmission:AUT::electricity,DE-CH,policy_h2_imports_only
TI::ac_transmission:ITA::electricity,3833.4426026349383,TI,ac_transmission:ITA::electricity,,policy_h2_imports_only
AG::ac_transmission:DEU::electricity,6947.914948015777,AG,ac_transmission:DEU::electricity,DE-CH,policy_h2_imports_only
SG::ac_transmission:AUT::electricity,1517.7377992896186,SG,ac_transmission:AUT::electricity,DE-CH,policy_h2_imports_only
VS::ac_transmission:FRA::electricity,5702.535417452959,VS,ac_transmission:FRA::electricity,FR-CH,policy_h2_imports_only
GR::ac_transmission:ITA::electricity,4498.45914492826,GR,ac_transmission:ITA::electricity,DE-CH,policy_h2_imports_only
BL_BS::ac_transmission:DEU::electricity,7030.436270170873,BL_BS,ac_transmission:DEU::electricity,DE-CH,policy_h2_imports_only
JU::ac_transmission:FRA::electricity,5551.900955091689,JU,ac_transmission:FRA::electricity,FR-CH,policy_h2_imports_only
GE::ac_transmission:FRA::electricity,6159.459311043154,GE,ac_transmission:FRA::electricity,FR-CH,policy_h2_imports_only
VS::ac_transmission:ITA::electricity,4379.693507139116,VS,ac_transmission:ITA::electricity,FR-CH,policy_h2_imports_only
TI::ac_transmission:ITA::electricity,4325.023274550189,TI,ac_transmission:ITA::electricity,,policy_mix
GE::ac_transmission:FRA::electricity,6159.054130679115,GE,ac_transmission:FRA::electricity,FR-CH,policy_mix
VS::ac_transmission:FRA::electricity,5628.754605425308,VS,ac_transmission:FRA::electricity,FR-CH,policy_mix
JU::ac_transmission:FRA::electricity,6013.303393664757,JU,ac_transmission:FRA::electricity,FR-CH,policy_mix
SG::ac_transmission:AUT::electricity,1435.4154511941683,SG,ac_transmission:AUT::electricity,DE-CH,policy_mix
GR::ac_transmission:ITA::electricity,4675.523072045163,GR,ac_transmission:ITA::electricity,DE-CH,policy_mix
BL_BS::ac_transmission:DEU::electricity,8085.6462735868945,BL_BS,ac_transmission:DEU::electricity,DE-CH,policy_mix
AG::ac_transmission:DEU::electricity,7665.1226528295865,AG,ac_transmission:DEU::electricity,DE-CH,policy_mix
GR::ac_transmission:AUT::electricity,1363.7756090925684,GR,ac_transmission:AUT::electricity,DE-CH,policy_mix
VS::ac_transmission:ITA::electricity,4468.921894057176,VS,ac_transmission:ITA::electricity,FR-CH,policy_mix
TI::ac_transmission:ITA::electricity,4117.7095674762095,TI,ac_transmission:ITA::electricity,,policy_remix
GR::ac_transmission:ITA::electricity,4135.334289339232,GR,ac_transmission:ITA::electricity,DE-CH,policy_remix
JU::ac_transmission:FRA::electricity,5138.78271028836,JU,ac_transmission:FRA::electricity,FR-CH,policy_remix
BL_BS::ac_transmission:DEU::electricity,6290.122660244609,BL_BS,ac_transmission:DEU::electricity,DE-CH,policy_remix
VS::ac_transmission:ITA::electricity,4246.4094594995595,VS,ac_transmission:ITA::electricity,FR-CH,policy_remix
SG::ac_transmission:AUT::electricity,1108.980326462091,SG,ac_transmission:AUT::electricity,DE-CH,policy_remix
AG::ac_transmission:DEU::electricity,6469.582016030856,AG,ac_transmission:DEU::electricity,DE-CH,policy_remix
VS::ac_transmission:FRA::electricity,4683.925369830665,VS,ac_transmission:FRA::electricity,FR-CH,policy_remix
GR::ac_transmission:AUT::electricity,951.7943927430474,GR,ac_transmission:AUT::electricity,DE-CH,policy_remix
GE::ac_transmission:FRA::electricity,5212.4452586231555,GE,ac_transmission:FRA::electricity,FR-CH,policy_remix
AG::ac_transmission:DEU::electricity,6280.334206292511,AG,ac_transmission:DEU::electricity,DE-CH,policy_roof_pv
GR::ac_transmission:AUT::electricity,972.8760405196188,GR,ac_transmission:AUT::electricity,DE-CH,policy_roof_pv
GR::ac_transmission:ITA::electricity,3935.6302020115045,GR,ac_transmission:ITA::electricity,DE-CH,policy_roof_pv
TI::ac_transmission:ITA::electricity,3422.081771595924,TI,ac_transmission:ITA::electricity,,policy_roof_pv
VS::ac_transmission:ITA::electricity,3959.047340310655,VS,ac_transmission:ITA::electricity,FR-CH,policy_roof_pv
GE::ac_transmission:FRA::electricity,5551.264985321777,GE,ac_transmission:FRA::electricity,FR-CH,policy_roof_pv
JU::ac_transmission:FRA::electricity,5156.3043519838375,JU,ac_transmission:FRA::electricity,FR-CH,policy_roof_pv
BL_BS::ac_transmission:DEU::electricity,5669.504062169792,BL_BS,ac_transmission:DEU::electricity,DE-CH,policy_roof_pv
SG::ac_transmission:AUT::electricity,1267.8750036157228,SG,ac_transmission:AUT::electricity,DE-CH,policy_roof_pv
VS::ac_transmission:FRA::electricity,4587.53421049654,VS,ac_transmission:FRA::electricity,FR-CH,policy_roof_pv
TI::ac_transmission:ITA::electricity,4409.858166509725,TI,ac_transmission:ITA::electricity,,policy_sccgt_daccs
SG::ac_transmission:AUT::electricity,1539.8071427082882,SG,ac_transmission:AUT::electricity,DE-CH,policy_sccgt_daccs
BL_BS::ac_transmission:DEU::electricity,8305.44775549097,BL_BS,ac_transmission:DEU::electricity,DE-CH,policy_sccgt_daccs
VS::ac_transmission:FRA::electricity,5684.173971270308,VS,ac_transmission:FRA::electricity,FR-CH,policy_sccgt_daccs
JU::ac_transmission:FRA::electricity,6059.234920371685,JU,ac_transmission:FRA::electricity,FR-CH,policy_sccgt_daccs
VS::ac_transmission:ITA::electricity,4512.714955167024,VS,ac_transmission:ITA::electricity,FR-CH,policy_sccgt_daccs
GR::ac_transmission:AUT::electricity,1456.6589314829089,GR,ac_transmission:AUT::electricity,DE-CH,policy_sccgt_daccs
GE::ac_transmission:FRA::electricity,6238.439790492548,GE,ac_transmission:FRA::electricity,FR-CH,policy_sccgt_daccs
AG::ac_transmission:DEU::electricity,7964.062548689456,AG,ac_transmission:DEU::electricity,DE-CH,policy_sccgt_daccs
GR::ac_transmission:ITA::electricity,4726.272510893565,GR,ac_transmission:ITA::electricity,DE-CH,policy_sccgt_daccs
VS::ac_transmission:FRA::electricity,4873.79418000821,VS,ac_transmission:FRA::electricity,FR-CH,policy_sccgt_no_h2
GR::ac_transmission:ITA::electricity,4630.96486940488,GR,ac_transmission:ITA::electricity,DE-CH,policy_sccgt_no_h2
GR::ac_transmission:AUT::electricity,1074.234357098806,GR,ac_transmission:AUT::electricity,DE-CH,policy_sccgt_no_h2
VS::ac_transmission:ITA::electricity,4381.035875863666,VS,ac_transmission:ITA::electricity,FR-CH,policy_sccgt_no_h2
AG::ac_transmission:DEU::electricity,6752.032568789111,AG,ac_transmission:DEU::electricity,DE-CH,policy_sccgt_no_h2
TI::ac_transmission:ITA::electricity,4230.016227047,TI,ac_transmission:ITA::electricity,,policy_sccgt_no_h2
SG::ac_transmission:AUT::electricity,1155.288336517739,SG,ac_transmission:AUT::electricity,DE-CH,policy_sccgt_no_h2
GE::ac_transmission:FRA::electricity,5446.77484144838,GE,ac_transmission:FRA::electricity,FR-CH,policy_sccgt_no_h2
BL_BS::ac_transmission:DEU::electricity,6575.841497155274,BL_BS,ac_transmission:DEU::electricity,DE-CH,policy_sccgt_no_h2
JU::ac_transmission:FRA::electricity,5525.87181973567,JU,ac_transmission:FRA::electricity,FR-CH,policy_sccgt_no_h2
GR::ac_transmission:AUT::electricity,1074.2451682478807,GR,ac_transmission:AUT::electricity,DE-CH,policy_sccgt_plus_h2
BL_BS::ac_transmission:DEU::electricity,6575.881520104178,BL_BS,ac_transmission:DEU::electricity,DE-CH,policy_sccgt_plus_h2
SG::ac_transmission:AUT::electricity,1155.2361211080092,SG,ac_transmission:AUT::electricity,DE-CH,policy_sccgt_plus_h2
TI::ac_transmission:ITA::electricity,4230.024308960497,TI,ac_transmission:ITA::electricity,,policy_sccgt_plus_h2
JU::ac_transmission:FRA::electricity,5525.840767729975,JU,ac_transmission:FRA::electricity,FR-CH,policy_sccgt_plus_h2
AG::ac_transmission:DEU::electricity,6752.093475415844,AG,ac_transmission:DEU::electricity,DE-CH,policy_sccgt_plus_h2
GE::ac_transmission:FRA::electricity,5446.923028857622,GE,ac_transmission:FRA::electricity,FR-CH,policy_sccgt_plus_h2
VS::ac_transmission:ITA::electricity,4380.8609310302,VS,ac_transmission:ITA::electricity,FR-CH,policy_sccgt_plus_h2
GR::ac_transmission:ITA::electricity,4630.947448741909,GR,ac_transmission:ITA::electricity,DE-CH,policy_sccgt_plus_h2
VS::ac_transmission:FRA::electricity,4873.86009192047,VS,ac_transmission:FRA::electricity,FR-CH,policy_sccgt_plus_h2
GR::ac_transmission:AUT::electricity,866.6118409434687,GR,ac_transmission:AUT::electricity,DE-CH,policy_wind_x2
GE::ac_transmission:FRA::electricity,5258.407846254886,GE,ac_transmission:FRA::electricity,FR-CH,policy_wind_x2
TI::ac_transmission:ITA::electricity,3786.46007071035,TI,ac_transmission:ITA::electricity,,policy_wind_x2
GR::ac_transmission:ITA::electricity,4337.105348852461,GR,ac_transmission:ITA::electricity,DE-CH,policy_wind_x2
VS::ac_transmission:ITA::electricity,4064.023202336479,VS,ac_transmission:ITA::electricity,FR-CH,policy_wind_x2
SG::ac_transmission:AUT::electricity,1130.3102050005893,SG,ac_transmission:AUT::electricity,DE-CH,policy_wind_x2
AG::ac_transmission:DEU::electricity,5998.442487238794,AG,ac_transmission:DEU::electricity,DE-CH,policy_wind_x2
VS::ac_transmission:FRA::electricity,4625.37725062032,VS,ac_transmission:FRA::electricity,FR-CH,policy_wind_x2
JU::ac_transmission:FRA::electricity,4830.166866238169,JU,ac_transmission:FRA::electricity,FR-CH,policy_wind_x2
BL_BS::ac_transmission:DEU::electricity,5277.79250175193,BL_BS,ac_transmission:DEU::electricity,DE-CH,policy_wind_x2
