canton,tech,land_use_km2,language_region,scenario_id
GL,wind_onshore_competing,0.0,DE-CH,baseline
UR,wind_onshore_competing,0.0,DE-CH,baseline
AUT,wind_onshore_competing,1805.7193212636519,,baseline
ZH,open_field_pv,0.0,DE-CH,baseline
AI_AR,wind_onshore_competing,0.0,DE-CH,baseline
BE,wind_onshore_competing,0.0,DE-CH,baseline
ZG,wind_onshore_competing,0.0,DE-CH,baseline
SH,wind_onshore_competing,0.0,DE-CH,baseline
NW_OW,open_field_pv,0.0,DE-CH,baseline
FRA,open_field_pv,760.4840787633468,,baseline
TI,wind_onshore_competing,0.0,,baseline
GE,open_field_pv,0.0,FR-CH,baseline
GL,open_field_pv,0.0,DE-CH,baseline
VS,open_field_pv,0.0,FR-CH,baseline
VD,open_field_pv,0.0,FR-CH,baseline
VD,wind_onshore_competing,0.0,FR-CH,baseline
ITA,open_field_pv,2368.2276185192377,,baseline
NE,wind_onshore_competing,0.0,FR-CH,baseline
LU,wind_onshore_competing,0.0,DE-CH,baseline
BL_BS,wind_onshore_competing,0.0,DE-CH,baseline
AG,open_field_pv,0.0,DE-CH,baseline
SG,wind_onshore_competing,0.0,DE-CH,baseline
ZG,open_field_pv,0.0,DE-CH,baseline
TG,wind_onshore_competing,0.0,DE-CH,baseline
AG,wind_onshore_competing,0.0,DE-CH,baseline
AUT,open_field_pv,210.30715223574182,,baseline
SO,wind_onshore_competing,0.0,DE-CH,baseline
NW_OW,wind_onshore_competing,0.0,DE-CH,baseline
AI_AR,open_field_pv,0.0,DE-CH,baseline
DEU,open_field_pv,1831.347718835462,,baseline
FR,open_field_pv,0.0,FR-CH,baseline
SZ,open_field_pv,0.0,DE-CH,baseline
ZH,wind_onshore_competing,0.0,DE-CH,baseline
SH,open_field_pv,0.0,DE-CH,baseline
BE,open_field_pv,0.0,DE-CH,baseline
GE,wind_onshore_competing,0.0,FR-CH,baseline
FRA,wind_onshore_competing,835.6734603879809,,baseline
GR,open_field_pv,0.0,DE-CH,baseline
TI,open_field_pv,0.0,,baseline
NE,open_field_pv,0.0,FR-CH,baseline
SG,open_field_pv,0.0,DE-CH,baseline
ITA,wind_onshore_competing,4634.397407220439,,baseline
UR,open_field_pv,0.0,DE-CH,baseline
BL_BS,open_field_pv,0.0,DE-CH,baseline
LU,open_field_pv,0.0,DE-CH,baseline
VS,wind_onshore_competing,0.0,FR-CH,baseline
JU,wind_onshore_competing,0.0,FR-CH,baseline
GR,wind_onshore_competing,0.0,DE-CH,baseline
DEU,wind_onshore_competing,5253.554491248239,,baseline
TG,open_field_pv,0.0,DE-CH,baseline
JU,open_field_pv,0.0,FR-CH,baseline
SZ,wind_onshore_competing,0.0,DE-CH,baseline
FR,wind_onshore_competing,0.0,FR-CH,baseline
SO,open_field_pv,0.0,DE-CH,baseline
SG,open_field_pv,0.0,DE-CH,baseline_no_self_sufficiency_result_4H.nc
UR,wind_onshore_competing,0.0,DE-CH,baseline_no_self_sufficiency_result_4H.nc
LU,open_field_pv,0.0,DE-CH,baseline_no_self_sufficiency_result_4H.nc
FRA,wind_onshore_competing,835.6734603879809,,baseline_no_self_sufficiency_result_4H.nc
ZG,open_field_pv,0.0,DE-CH,baseline_no_self_sufficiency_result_4H.nc
VD,wind_onshore_competing,0.0,FR-CH,baseline_no_self_sufficiency_result_4H.nc
SH,wind_onshore_competing,0.0,DE-CH,baseline_no_self_sufficiency_result_4H.nc
NW_OW,wind_onshore_competing,0.0,DE-CH,baseline_no_self_sufficiency_result_4H.nc
AG,open_field_pv,0.0,DE-CH,baseline_no_self_sufficiency_result_4H.nc
DEU,wind_onshore_competing,5253.554491248239,,baseline_no_self_sufficiency_result_4H.nc
BE,wind_onshore_competing,0.0,DE-CH,baseline_no_self_sufficiency_result_4H.nc
NE,wind_onshore_competing,0.0,FR-CH,baseline_no_self_sufficiency_result_4H.nc
BL_BS,open_field_pv,0.0,DE-CH,baseline_no_self_sufficiency_result_4H.nc
VS,wind_onshore_competing,0.0,FR-CH,baseline_no_self_sufficiency_result_4H.nc
FRA,open_field_pv,760.4840787633468,,baseline_no_self_sufficiency_result_4H.nc
AUT,open_field_pv,210.30715223574182,,baseline_no_self_sufficiency_result_4H.nc
SO,open_field_pv,0.0,DE-CH,baseline_no_self_sufficiency_result_4H.nc
TI,open_field_pv,0.0,,baseline_no_self_sufficiency_result_4H.nc
AI_AR,open_field_pv,0.0,DE-CH,baseline_no_self_sufficiency_result_4H.nc
GL,wind_onshore_competing,0.0,DE-CH,baseline_no_self_sufficiency_result_4H.nc
SH,open_field_pv,0.0,DE-CH,baseline_no_self_sufficiency_result_4H.nc
GR,wind_onshore_competing,0.0,DE-CH,baseline_no_self_sufficiency_result_4H.nc
VD,open_field_pv,0.0,FR-CH,baseline_no_self_sufficiency_result_4H.nc
TG,wind_onshore_competing,0.0,DE-CH,baseline_no_self_sufficiency_result_4H.nc
NW_OW,open_field_pv,0.0,DE-CH,baseline_no_self_sufficiency_result_4H.nc
AG,wind_onshore_competing,0.0,DE-CH,baseline_no_self_sufficiency_result_4H.nc
GL,open_field_pv,0.0,DE-CH,baseline_no_self_sufficiency_result_4H.nc
GE,open_field_pv,0.0,FR-CH,baseline_no_self_sufficiency_result_4H.nc
SZ,wind_onshore_competing,0.0,DE-CH,baseline_no_self_sufficiency_result_4H.nc
TG,open_field_pv,0.0,DE-CH,baseline_no_self_sufficiency_result_4H.nc
AI_AR,wind_onshore_competing,0.0,DE-CH,baseline_no_self_sufficiency_result_4H.nc
ZG,wind_onshore_competing,0.0,DE-CH,baseline_no_self_sufficiency_result_4H.nc
ITA,open_field_pv,2368.2276185192377,,baseline_no_self_sufficiency_result_4H.nc
GE,wind_onshore_competing,0.0,FR-CH,baseline_no_self_sufficiency_result_4H.nc
FR,open_field_pv,0.0,FR-CH,baseline_no_self_sufficiency_result_4H.nc
FR,wind_onshore_competing,0.0,FR-CH,baseline_no_self_sufficiency_result_4H.nc
AUT,wind_onshore_competing,1805.7193212636519,,baseline_no_self_sufficiency_result_4H.nc
SZ,open_field_pv,0.0,DE-CH,baseline_no_self_sufficiency_result_4H.nc
LU,wind_onshore_competing,0.0,DE-CH,baseline_no_self_sufficiency_result_4H.nc
GR,open_field_pv,0.0,DE-CH,baseline_no_self_sufficiency_result_4H.nc
ITA,wind_onshore_competing,4634.397407220439,,baseline_no_self_sufficiency_result_4H.nc
NE,open_field_pv,0.0,FR-CH,baseline_no_self_sufficiency_result_4H.nc
JU,wind_onshore_competing,0.0,FR-CH,baseline_no_self_sufficiency_result_4H.nc
BE,open_field_pv,0.0,DE-CH,baseline_no_self_sufficiency_result_4H.nc
DEU,open_field_pv,1831.347718835462,,baseline_no_self_sufficiency_result_4H.nc
JU,open_field_pv,0.0,FR-CH,baseline_no_self_sufficiency_result_4H.nc
BL_BS,wind_onshore_competing,0.0,DE-CH,baseline_no_self_sufficiency_result_4H.nc
VS,open_field_pv,0.0,FR-CH,baseline_no_self_sufficiency_result_4H.nc
SO,wind_onshore_competing,0.0,DE-CH,baseline_no_self_sufficiency_result_4H.nc
SG,wind_onshore_competing,0.0,DE-CH,baseline_no_self_sufficiency_result_4H.nc
UR,open_field_pv,0.0,DE-CH,baseline_no_self_sufficiency_result_4H.nc
TI,wind_onshore_competing,0.0,,baseline_no_self_sufficiency_result_4H.nc
ZH,wind_onshore_competing,0.0,DE-CH,baseline_no_self_sufficiency_result_4H.nc
ZH,open_field_pv,0.0,DE-CH,baseline_no_self_sufficiency_result_4H.nc
NE,open_field_pv,0.0,FR-CH,policy_alpine_pv
VD,wind_onshore_competing,0.0,FR-CH,policy_alpine_pv
UR,wind_onshore_competing,0.0,DE-CH,policy_alpine_pv
ZG,open_field_pv,0.0,DE-CH,policy_alpine_pv
NE,wind_onshore_competing,0.0,FR-CH,policy_alpine_pv
UR,open_field_pv,0.0,DE-CH,policy_alpine_pv
SG,open_field_pv,0.0,DE-CH,policy_alpine_pv
GE,wind_onshore_competing,0.0,FR-CH,policy_alpine_pv
ITA,wind_onshore_competing,4634.397407220439,,policy_alpine_pv
VD,open_field_pv,0.0,FR-CH,policy_alpine_pv
TG,open_field_pv,0.0,DE-CH,policy_alpine_pv
FR,wind_onshore_competing,0.0,FR-CH,policy_alpine_pv
TI,open_field_pv,0.0,,policy_alpine_pv
AG,wind_onshore_competing,0.0,DE-CH,policy_alpine_pv
NW_OW,open_field_pv,0.0,DE-CH,policy_alpine_pv
GL,open_field_pv,0.0,DE-CH,policy_alpine_pv
FRA,open_field_pv,760.4840787633468,,policy_alpine_pv
VS,wind_onshore_competing,0.0,FR-CH,policy_alpine_pv
ZH,open_field_pv,0.0,DE-CH,policy_alpine_pv
FRA,wind_onshore_competing,835.6734603879809,,policy_alpine_pv
SZ,wind_onshore_competing,0.0,DE-CH,policy_alpine_pv
DEU,wind_onshore_competing,5253.554491248239,,policy_alpine_pv
FR,open_field_pv,0.0,FR-CH,policy_alpine_pv
DEU,open_field_pv,1831.347718835462,,policy_alpine_pv
ZG,wind_onshore_competing,0.0,DE-CH,policy_alpine_pv
JU,wind_onshore_competing,0.0,FR-CH,policy_alpine_pv
AUT,open_field_pv,210.30715223574182,,policy_alpine_pv
SO,wind_onshore_competing,0.0,DE-CH,policy_alpine_pv
AI_AR,open_field_pv,0.0,DE-CH,policy_alpine_pv
AUT,wind_onshore_competing,1805.7193212636519,,policy_alpine_pv
GL,wind_onshore_competing,0.0,DE-CH,policy_alpine_pv
JU,open_field_pv,0.0,FR-CH,policy_alpine_pv
SO,open_field_pv,0.0,DE-CH,policy_alpine_pv
VS,open_field_pv,0.0,FR-CH,policy_alpine_pv
SG,wind_onshore_competing,0.0,DE-CH,policy_alpine_pv
BL_BS,open_field_pv,0.0,DE-CH,policy_alpine_pv
LU,open_field_pv,0.0,DE-CH,policy_alpine_pv
AI_AR,wind_onshore_competing,0.0,DE-CH,policy_alpine_pv
SH,open_field_pv,0.0,DE-CH,policy_alpine_pv
ZH,wind_onshore_competing,0.0,DE-CH,policy_alpine_pv
BL_BS,wind_onshore_competing,0.0,DE-CH,policy_alpine_pv
BE,wind_onshore_competing,0.0,DE-CH,policy_alpine_pv
AG,open_field_pv,0.0,DE-CH,policy_alpine_pv
BE,open_field_pv,0.0,DE-CH,policy_alpine_pv
TG,wind_onshore_competing,0.0,DE-CH,policy_alpine_pv
GR,wind_onshore_competing,0.0,DE-CH,policy_alpine_pv
SZ,open_field_pv,0.0,DE-CH,policy_alpine_pv
LU,wind_onshore_competing,0.0,DE-CH,policy_alpine_pv
ITA,open_field_pv,2368.2276185192377,,policy_alpine_pv
SH,wind_onshore_competing,0.0,DE-CH,policy_alpine_pv
NW_OW,wind_onshore_competing,0.0,DE-CH,policy_alpine_pv
TI,wind_onshore_competing,0.0,,policy_alpine_pv
GR,open_field_pv,0.0,DE-CH,policy_alpine_pv
GE,open_field_pv,0.0,FR-CH,policy_alpine_pv
SO,wind_onshore_competing,0.0,DE-CH,policy_chp
TI,open_field_pv,0.0,,policy_chp
NW_OW,wind_onshore_competing,0.0,DE-CH,policy_chp
ZH,wind_onshore_competing,0.0,DE-CH,policy_chp
VS,open_field_pv,0.0,FR-CH,policy_chp
BL_BS,wind_onshore_competing,0.0,DE-CH,policy_chp
GE,wind_onshore_competing,0.0,FR-CH,policy_chp
SH,wind_onshore_competing,0.0,DE-CH,policy_chp
VD,wind_onshore_competing,0.0,FR-CH,policy_chp
NE,open_field_pv,0.0,FR-CH,policy_chp
VS,wind_onshore_competing,0.0,FR-CH,policy_chp
SZ,wind_onshore_competing,0.0,DE-CH,policy_chp
DEU,open_field_pv,1831.347718835462,,policy_chp
JU,open_field_pv,0.0,FR-CH,policy_chp
SO,open_field_pv,0.0,DE-CH,policy_chp
LU,wind_onshore_competing,0.0,DE-CH,policy_chp
AUT,open_field_pv,210.30715223574182,,policy_chp
BE,open_field_pv,0.0,DE-CH,policy_chp
NW_OW,open_field_pv,0.0,DE-CH,policy_chp
SZ,open_field_pv,0.0,DE-CH,policy_chp
FRA,wind_onshore_competing,835.6734603879809,,policy_chp
TG,open_field_pv,0.0,DE-CH,policy_chp
FR,open_field_pv,0.0,FR-CH,policy_chp
AI_AR,open_field_pv,0.0,DE-CH,policy_chp
AG,open_field_pv,0.0,DE-CH,policy_chp
JU,wind_onshore_competing,0.0,FR-CH,policy_chp
ZG,wind_onshore_competing,0.0,DE-CH,policy_chp
SG,wind_onshore_competing,0.0,DE-CH,policy_chp
GL,wind_onshore_competing,0.0,DE-CH,policy_chp
DEU,wind_onshore_competing,5253.554491248239,,policy_chp
UR,wind_onshore_competing,0.0,DE-CH,policy_chp
GE,open_field_pv,0.0,FR-CH,policy_chp
ZH,open_field_pv,0.0,DE-CH,policy_chp
ITA,wind_onshore_competing,4634.397407220439,,policy_chp
TG,wind_onshore_competing,0.0,DE-CH,policy_chp
LU,open_field_pv,0.0,DE-CH,policy_chp
GL,open_field_pv,0.0,DE-CH,policy_chp
GR,open_field_pv,0.0,DE-CH,policy_chp
SH,open_field_pv,0.0,DE-CH,policy_chp
TI,wind_onshore_competing,0.0,,policy_chp
FRA,open_field_pv,760.4840787633468,,policy_chp
SG,open_field_pv,0.0,DE-CH,policy_chp
AI_AR,wind_onshore_competing,0.0,DE-CH,policy_chp
UR,open_field_pv,0.0,DE-CH,policy_chp
ZG,open_field_pv,0.0,DE-CH,policy_chp
GR,wind_onshore_competing,0.0,DE-CH,policy_chp
ITA,open_field_pv,2368.2276185192377,,policy_chp
VD,open_field_pv,0.0,FR-CH,policy_chp
BE,wind_onshore_competing,0.0,DE-CH,policy_chp
FR,wind_onshore_competing,0.0,FR-CH,policy_chp
NE,wind_onshore_competing,0.0,FR-CH,policy_chp
AUT,wind_onshore_competing,1805.7193212636519,,policy_chp
AG,wind_onshore_competing,0.0,DE-CH,policy_chp
BL_BS,open_field_pv,0.0,DE-CH,policy_chp
NW_OW,open_field_pv,0.0,DE-CH,policy_h2_imports_only
FRA,wind_onshore_competing,835.6734603879809,,policy_h2_imports_only
SG,wind_onshore_competing,0.0,DE-CH,policy_h2_imports_only
SO,open_field_pv,0.0,DE-CH,policy_h2_imports_only
JU,wind_onshore_competing,0.0,FR-CH,policy_h2_imports_only
NW_OW,wind_onshore_competing,0.0,DE-CH,policy_h2_imports_only
VD,open_field_pv,0.0,FR-CH,policy_h2_imports_only
ITA,wind_onshore_competing,4634.397407220439,,policy_h2_imports_only
BL_BS,open_field_pv,0.0,DE-CH,policy_h2_imports_only
GL,open_field_pv,0.0,DE-CH,policy_h2_imports_only
ZH,wind_onshore_competing,0.0,DE-CH,policy_h2_imports_only
VS,open_field_pv,0.0,FR-CH,policy_h2_imports_only
AI_AR,wind_onshore_competing,0.0,DE-CH,policy_h2_imports_only
VD,wind_onshore_competing,0.0,FR-CH,policy_h2_imports_only
SH,wind_onshore_competing,0.0,DE-CH,policy_h2_imports_only
GR,open_field_pv,0.0,DE-CH,policy_h2_imports_only
JU,open_field_pv,0.0,FR-CH,policy_h2_imports_only
BE,open_field_pv,0.0,DE-CH,policy_h2_imports_only
LU,wind_onshore_competing,0.0,DE-CH,policy_h2_imports_only
TI,wind_onshore_competing,0.0,,policy_h2_imports_only
BE,wind_onshore_competing,0.0,DE-CH,policy_h2_imports_only
LU,open_field_pv,0.0,DE-CH,policy_h2_imports_only
SZ,wind_onshore_competing,0.0,DE-CH,policy_h2_imports_only
TI,open_field_pv,0.0,,policy_h2_imports_only
DEU,wind_onshore_competing,5253.554491248239,,policy_h2_imports_only
AUT,wind_onshore_competing,1805.7193212636519,,policy_h2_imports_only
GL,wind_onshore_competing,0.0,DE-CH,policy_h2_imports_only
UR,wind_onshore_competing,0.0,DE-CH,policy_h2_imports_only
AG,wind_onshore_competing,0.0,DE-CH,policy_h2_imports_only
VS,wind_onshore_competing,0.0,FR-CH,policy_h2_imports_only
GR,wind_onshore_competing,0.0,DE-CH,policy_h2_imports_only
AUT,open_field_pv,210.30715223574182,,policy_h2_imports_only
NE,wind_onshore_competing,0.0,FR-CH,policy_h2_imports_only
FRA,open_field_pv,760.4840787633468,,policy_h2_imports_only
TG,open_field_pv,0.0,DE-CH,policy_h2_imports_only
SO,wind_onshore_competing,0.0,DE-CH,policy_h2_imports_only
SZ,open_field_pv,0.0,DE-CH,policy_h2_imports_only
BL_BS,wind_onshore_competing,0.0,DE-CH,policy_h2_imports_only
GE,wind_onshore_competing,0.0,FR-CH,policy_h2_imports_only
FR,wind_onshore_competing,0.0,FR-CH,policy_h2_imports_only
FR,open_field_pv,0.0,FR-CH,policy_h2_imports_only
TG,wind_onshore_competing,0.0,DE-CH,policy_h2_imports_only
UR,open_field_pv,0.0,DE-CH,policy_h2_imports_only
DEU,open_field_pv,1831.347718835462,,policy_h2_imports_only
AG,open_field_pv,0.0,DE-CH,policy_h2_imports_only
SH,open_field_pv,0.0,DE-CH,policy_h2_imports_only
ZG,wind_onshore_competing,0.0,DE-CH,policy_h2_imports_only
ZG,open_field_pv,0.0,DE-CH,policy_h2_imports_only
ITA,open_field_pv,2368.2276185192377,,policy_h2_imports_only
SG,open_field_pv,0.0,DE-CH,policy_h2_imports_only
NE,open_field_pv,0.0,FR-CH,policy_h2_imports_only
ZH,open_field_pv,0.0,DE-CH,policy_h2_imports_only
GE,open_field_pv,0.0,FR-CH,policy_h2_imports_only
AI_AR,open_field_pv,0.0,DE-CH,policy_h2_imports_only
VS,open_field_pv,0.0,FR-CH,policy_mix
AUT,wind_onshore_competing,1805.7193212636519,,policy_mix
TI,open_field_pv,0.0,,policy_mix
BE,open_field_pv,0.0,DE-CH,policy_mix
DEU,open_field_pv,1831.347718835462,,policy_mix
UR,wind_onshore_competing,0.0,DE-CH,policy_mix
NW_OW,wind_onshore_competing,0.0,DE-CH,policy_mix
GR,wind_onshore_competing,0.0,DE-CH,policy_mix
UR,open_field_pv,0.0,DE-CH,policy_mix
SZ,open_field_pv,0.0,DE-CH,policy_mix
SH,wind_onshore_competing,0.0,DE-CH,policy_mix
NE,open_field_pv,0.0,FR-CH,policy_mix
SZ,wind_onshore_competing,0.0,DE-CH,policy_mix
ITA,wind_onshore_competing,4634.397407220439,,policy_mix
TI,wind_onshore_competing,0.0,,policy_mix
BL_BS,wind_onshore_competing,0.0,DE-CH,policy_mix
VD,open_field_pv,0.0,FR-CH,policy_mix
GE,open_field_pv,0.0,FR-CH,policy_mix
FR,open_field_pv,0.0,FR-CH,policy_mix
GE,wind_onshore_competing,0.0,FR-CH,policy_mix
FRA,wind_onshore_competing,835.6734603879809,,policy_mix
SG,open_field_pv,0.0,DE-CH,policy_mix
JU,open_field_pv,0.0,FR-CH,policy_mix
NE,wind_onshore_competing,0.0,FR-CH,policy_mix
TG,open_field_pv,0.0,DE-CH,policy_mix
AG,open_field_pv,0.0,DE-CH,policy_mix
SO,open_field_pv,0.0,DE-CH,policy_mix
LU,open_field_pv,0.0,DE-CH,policy_mix
GL,open_field_pv,0.0,DE-CH,policy_mix
AUT,open_field_pv,210.30715223574182,,policy_mix
FRA,open_field_pv,760.4840787633468,,policy_mix
AI_AR,open_field_pv,0.0,DE-CH,policy_mix
SH,open_field_pv,0.0,DE-CH,policy_mix
ZH,open_field_pv,0.0,DE-CH,policy_mix
JU,wind_onshore_competing,0.0,FR-CH,policy_mix
ZH,wind_onshore_competing,0.0,DE-CH,policy_mix
VS,wind_onshore_competing,0.0,FR-CH,policy_mix
GR,open_field_pv,0.0,DE-CH,policy_mix
AG,wind_onshore_competing,0.0,DE-CH,policy_mix
BE,wind_onshore_competing,0.0,DE-CH,policy_mix
ITA,open_field_pv,2368.2276185192377,,policy_mix
ZG,wind_onshore_competing,0.0,DE-CH,policy_mix
AI_AR,wind_onshore_competing,0.0,DE-CH,policy_mix
FR,wind_onshore_competing,0.0,FR-CH,policy_mix
SG,wind_onshore_competing,0.0,DE-CH,policy_mix
BL_BS,open_field_pv,0.0,DE-CH,policy_mix
LU,wind_onshore_competing,0.0,DE-CH,policy_mix
TG,wind_onshore_competing,0.0,DE-CH,policy_mix
NW_OW,open_field_pv,0.0,DE-CH,policy_mix
ZG,open_field_pv,0.0,DE-CH,policy_mix
SO,wind_onshore_competing,0.0,DE-CH,policy_mix
GL,wind_onshore_competing,0.0,DE-CH,policy_mix
DEU,wind_onshore_competing,5253.554491248239,,policy_mix
VD,wind_onshore_competing,0.0,FR-CH,policy_mix
ZH,wind_onshore_competing,0.0,DE-CH,policy_remix
ITA,wind_onshore_competing,4634.397407220439,,policy_remix
ITA,open_field_pv,2368.2276185192377,,policy_remix
UR,open_field_pv,0.0,DE-CH,policy_remix
NW_OW,open_field_pv,0.0,DE-CH,policy_remix
AUT,wind_onshore_competing,1805.7193212636519,,policy_remix
GR,wind_onshore_competing,0.0,DE-CH,policy_remix
SH,wind_onshore_competing,0.0,DE-CH,policy_remix
ZH,open_field_pv,0.0,DE-CH,policy_remix
VS,open_field_pv,0.0,FR-CH,policy_remix
AG,open_field_pv,0.0,DE-CH,policy_remix
SZ,open_field_pv,0.0,DE-CH,policy_remix
DEU,open_field_pv,1831.347718835462,,policy_remix
GE,open_field_pv,0.0,FR-CH,policy_remix
JU,wind_onshore_competing,0.0,FR-CH,policy_remix
BE,wind_onshore_competing,0.0,DE-CH,policy_remix
TG,wind_onshore_competing,0.0,DE-CH,policy_remix
FRA,open_field_pv,760.4840787633468,,policy_remix
FRA,wind_onshore_competing,835.6734603879809,,policy_remix
SO,open_field_pv,0.0,DE-CH,policy_remix
TG,open_field_pv,0.0,DE-CH,policy_remix
FR,open_field_pv,0.0,FR-CH,policy_remix
SG,open_field_pv,0.0,DE-CH,policy_remix
AUT,open_field_pv,210.30715223574182,,policy_remix
GL,open_field_pv,0.0,DE-CH,policy_remix
JU,open_field_pv,0.0,FR-CH,policy_remix
VS,wind_onshore_competing,0.0,FR-CH,policy_remix
AI_AR,wind_onshore_competing,0.0,DE-CH,policy_remix
FR,wind_onshore_competing,0.0,FR-CH,policy_remix
SZ,wind_onshore_competing,0.0,DE-CH,policy_remix
TI,open_field_pv,0.0,,policy_remix
SH,open_field_pv,0.0,DE-CH,policy_remix
UR,wind_onshore_competing,0.0,DE-CH,policy_remix
LU,open_field_pv,0.0,DE-CH,policy_remix
VD,wind_onshore_competing,0.0,FR-CH,policy_remix
ZG,wind_onshore_competing,0.0,DE-CH,policy_remix
NW_OW,wind_onshore_competing,0.0,DE-CH,policy_remix
TI,wind_onshore_competing,0.0,,policy_remix
GR,open_field_pv,0.0,DE-CH,policy_remix
AI_AR,open_field_pv,0.0,DE-CH,policy_remix
SO,wind_onshore_competing,0.0,DE-CH,policy_remix
AG,wind_onshore_competing,0.0,DE-CH,policy_remix
BE,open_field_pv,0.0,DE-CH,policy_remix
ZG,open_field_pv,0.0,DE-CH,policy_remix
BL_BS,open_field_pv,0.0,DE-CH,policy_remix
SG,wind_onshore_competing,0.0,DE-CH,policy_remix
VD,open_field_pv,0.0,FR-CH,policy_remix
DEU,wind_onshore_competing,5253.554491248239,,policy_remix
BL_BS,wind_onshore_competing,0.0,DE-CH,policy_remix
LU,wind_onshore_competing,0.0,DE-CH,policy_remix
GE,wind_onshore_competing,0.0,FR-CH,policy_remix
GL,wind_onshore_competing,0.0,DE-CH,policy_remix
NE,open_field_pv,0.0,FR-CH,policy_remix
NE,wind_onshore_competing,0.0,FR-CH,policy_remix
FR,open_field_pv,0.0,FR-CH,policy_roof_pv
GE,wind_onshore_competing,0.0,FR-CH,policy_roof_pv
LU,open_field_pv,0.0,DE-CH,policy_roof_pv
BL_BS,open_field_pv,0.0,DE-CH,policy_roof_pv
VD,open_field_pv,0.0,FR-CH,policy_roof_pv
NW_OW,open_field_pv,0.0,DE-CH,policy_roof_pv
FRA,open_field_pv,760.4840787633468,,policy_roof_pv
AI_AR,wind_onshore_competing,0.0,DE-CH,policy_roof_pv
AG,wind_onshore_competing,0.0,DE-CH,policy_roof_pv
FR,wind_onshore_competing,0.0,FR-CH,policy_roof_pv
TG,wind_onshore_competing,0.0,DE-CH,policy_roof_pv
AG,open_field_pv,0.0,DE-CH,policy_roof_pv
GL,wind_onshore_competing,0.0,DE-CH,policy_roof_pv
SZ,wind_onshore_competing,0.0,DE-CH,policy_roof_pv
ZH,open_field_pv,0.0,DE-CH,policy_roof_pv
ZG,open_field_pv,0.0,DE-CH,policy_roof_pv
AUT,wind_onshore_competing,1805.7193212636519,,policy_roof_pv
SZ,open_field_pv,0.0,DE-CH,policy_roof_pv
ITA,wind_onshore_competing,4634.397407220439,,policy_roof_pv
FRA,wind_onshore_competing,835.6734603879809,,policy_roof_pv
ZH,wind_onshore_competing,0.0,DE-CH,policy_roof_pv
SO,open_field_pv,0.0,DE-CH,policy_roof_pv
BE,open_field_pv,0.0,DE-CH,policy_roof_pv
DEU,open_field_pv,1831.347718835462,,policy_roof_pv
SH,wind_onshore_competing,0.0,DE-CH,policy_roof_pv
SO,wind_onshore_competing,0.0,DE-CH,policy_roof_pv
AI_AR,open_field_pv,0.0,DE-CH,policy_roof_pv
UR,open_field_pv,0.0,DE-CH,policy_roof_pv
JU,wind_onshore_competing,0.0,FR-CH,policy_roof_pv
TG,open_field_pv,0.0,DE-CH,policy_roof_pv
UR,wind_onshore_competing,0.0,DE-CH,policy_roof_pv
DEU,wind_onshore_competing,5253.554491248239,,policy_roof_pv
AUT,open_field_pv,210.30715223574182,,policy_roof_pv
SH,open_field_pv,0.0,DE-CH,policy_roof_pv
NE,open_field_pv,0.0,FR-CH,policy_roof_pv
TI,open_field_pv,0.0,,policy_roof_pv
LU,wind_onshore_competing,0.0,DE-CH,policy_roof_pv
VS,open_field_pv,0.0,FR-CH,policy_roof_pv
VS,wind_onshore_competing,0.0,FR-CH,policy_roof_pv
NE,wind_onshore_competing,0.0,FR-CH,policy_roof_pv
JU,open_field_pv,0.0,FR-CH,policy_roof_pv
ZG,wind_onshore_competing,0.0,DE-CH,policy_roof_pv
NW_OW,wind_onshore_competing,0.0,DE-CH,policy_roof_pv
SG,open_field_pv,0.0,DE-CH,policy_roof_pv
GR,open_field_pv,0.0,DE-CH,policy_roof_pv
BE,wind_onshore_competing,0.0,DE-CH,policy_roof_pv
ITA,open_field_pv,2368.2276185192377,,policy_roof_pv
BL_BS,wind_onshore_competing,0.0,DE-CH,policy_roof_pv
GL,open_field_pv,0.0,DE-CH,policy_roof_pv
SG,wind_onshore_competing,0.0,DE-CH,policy_roof_pv
GR,wind_onshore_competing,0.0,DE-CH,policy_roof_pv
VD,wind_onshore_competing,0.0,FR-CH,policy_roof_pv
GE,open_field_pv,0.0,FR-CH,policy_roof_pv
TI,wind_onshore_competing,0.0,,policy_roof_pv
TI,wind_onshore_competing,0.0,,policy_sccgt_daccs
GE,wind_onshore_competing,0.0,FR-CH,policy_sccgt_daccs
NW_OW,open_field_pv,0.0,DE-CH,policy_sccgt_daccs
VD,wind_onshore_competing,0.0,FR-CH,policy_sccgt_daccs
ITA,open_field_pv,2368.2276185192377,,policy_sccgt_daccs
VD,open_field_pv,0.0,FR-CH,policy_sccgt_daccs
GL,wind_onshore_competing,0.0,DE-CH,policy_sccgt_daccs
GL,open_field_pv,0.0,DE-CH,policy_sccgt_daccs
AUT,wind_onshore_competing,1805.7193212636519,,policy_sccgt_daccs
BL_BS,open_field_pv,0.0,DE-CH,policy_sccgt_daccs
ZG,open_field_pv,0.0,DE-CH,policy_sccgt_daccs
UR,open_field_pv,0.0,DE-CH,policy_sccgt_daccs
ZH,open_field_pv,0.0,DE-CH,policy_sccgt_daccs
VS,open_field_pv,0.0,FR-CH,policy_sccgt_daccs
AG,open_field_pv,0.0,DE-CH,policy_sccgt_daccs
SH,wind_onshore_competing,0.0,DE-CH,policy_sccgt_daccs
GR,open_field_pv,0.0,DE-CH,policy_sccgt_daccs
JU,open_field_pv,0.0,FR-CH,policy_sccgt_daccs
SZ,open_field_pv,0.0,DE-CH,policy_sccgt_daccs
FR,open_field_pv,0.0,FR-CH,policy_sccgt_daccs
FRA,wind_onshore_competing,835.6734603879809,,policy_sccgt_daccs
NW_OW,wind_onshore_competing,0.0,DE-CH,policy_sccgt_daccs
GR,wind_onshore_competing,0.0,DE-CH,policy_sccgt_daccs
SG,open_field_pv,0.0,DE-CH,policy_sccgt_daccs
AI_AR,wind_onshore_competing,0.0,DE-CH,policy_sccgt_daccs
TG,open_field_pv,0.0,DE-CH,policy_sccgt_daccs
AUT,open_field_pv,210.30715223574182,,policy_sccgt_daccs
ITA,wind_onshore_competing,4634.397407220439,,policy_sccgt_daccs
ZG,wind_onshore_competing,0.0,DE-CH,policy_sccgt_daccs
SO,open_field_pv,0.0,DE-CH,policy_sccgt_daccs
LU,open_field_pv,0.0,DE-CH,policy_sccgt_daccs
AG,wind_onshore_competing,0.0,DE-CH,policy_sccgt_daccs
NE,open_field_pv,0.0,FR-CH,policy_sccgt_daccs
VS,wind_onshore_competing,0.0,FR-CH,policy_sccgt_daccs
LU,wind_onshore_competing,0.0,DE-CH,policy_sccgt_daccs
TG,wind_onshore_competing,0.0,DE-CH,policy_sccgt_daccs
GE,open_field_pv,0.0,FR-CH,policy_sccgt_daccs
DEU,wind_onshore_competing,5253.554491248239,,policy_sccgt_daccs
FRA,open_field_pv,760.4840787633468,,policy_sccgt_daccs
AI_AR,open_field_pv,0.0,DE-CH,policy_sccgt_daccs
SG,wind_onshore_competing,0.0,DE-CH,policy_sccgt_daccs
BE,wind_onshore_competing,0.0,DE-CH,policy_sccgt_daccs
NE,wind_onshore_competing,0.0,FR-CH,policy_sccgt_daccs
ZH,wind_onshore_competing,0.0,DE-CH,policy_sccgt_daccs
SO,wind_onshore_competing,0.0,DE-CH,policy_sccgt_daccs
SZ,wind_onshore_competing,0.0,DE-CH,policy_sccgt_daccs
JU,wind_onshore_competing,0.0,FR-CH,policy_sccgt_daccs
TI,open_field_pv,0.0,,policy_sccgt_daccs
SH,open_field_pv,0.0,DE-CH,policy_sccgt_daccs
BE,open_field_pv,0.0,DE-CH,policy_sccgt_daccs
BL_BS,wind_onshore_competing,0.0,DE-CH,policy_sccgt_daccs
FR,wind_onshore_competing,0.0,FR-CH,policy_sccgt_daccs
DEU,open_field_pv,1831.347718835462,,policy_sccgt_daccs
UR,wind_onshore_competing,0.0,DE-CH,policy_sccgt_daccs
GR,wind_onshore_competing,0.0,DE-CH,policy_sccgt_no_h2
BL_BS,wind_onshore_competing,0.0,DE-CH,policy_sccgt_no_h2
ITA,open_field_pv,2368.2276185192377,,policy_sccgt_no_h2
SZ,open_field_pv,0.0,DE-CH,policy_sccgt_no_h2
UR,wind_onshore_competing,0.0,DE-CH,policy_sccgt_no_h2
SO,wind_onshore_competing,0.0,DE-CH,policy_sccgt_no_h2
LU,open_field_pv,0.0,DE-CH,policy_sccgt_no_h2
AG,open_field_pv,0.0,DE-CH,policy_sccgt_no_h2
LU,wind_onshore_competing,0.0,DE-CH,policy_sccgt_no_h2
GL,open_field_pv,0.0,DE-CH,policy_sccgt_no_h2
FRA,open_field_pv,760.4840787633468,,policy_sccgt_no_h2
TG,open_field_pv,0.0,DE-CH,policy_sccgt_no_h2
TI,open_field_pv,0.0,,policy_sccgt_no_h2
ZG,open_field_pv,0.0,DE-CH,policy_sccgt_no_h2
DEU,open_field_pv,1831.347718835462,,policy_sccgt_no_h2
VD,open_field_pv,0.0,FR-CH,policy_sccgt_no_h2
SZ,wind_onshore_competing,0.0,DE-CH,policy_sccgt_no_h2
SH,open_field_pv,0.0,DE-CH,policy_sccgt_no_h2
AI_AR,wind_onshore_competing,0.0,DE-CH,policy_sccgt_no_h2
NW_OW,open_field_pv,0.0,DE-CH,policy_sccgt_no_h2
AUT,wind_onshore_competing,1805.7193212636519,,policy_sccgt_no_h2
VS,wind_onshore_competing,0.0,FR-CH,policy_sccgt_no_h2
TG,wind_onshore_competing,0.0,DE-CH,policy_sccgt_no_h2
AUT,open_field_pv,210.30715223574182,,policy_sccgt_no_h2
JU,open_field_pv,0.0,FR-CH,policy_sccgt_no_h2
UR,open_field_pv,0.0,DE-CH,policy_sccgt_no_h2
SG,wind_onshore_competing,0.0,DE-CH,policy_sccgt_no_h2
GL,wind_onshore_competing,0.0,DE-CH,policy_sccgt_no_h2
SO,open_field_pv,0.0,DE-CH,policy_sccgt_no_h2
AG,wind_onshore_competing,0.0,DE-CH,policy_sccgt_no_h2
FR,open_field_pv,0.0,FR-CH,policy_sccgt_no_h2
ZH,wind_onshore_competing,0.0,DE-CH,policy_sccgt_no_h2
GE,wind_onshore_competing,0.0,FR-CH,policy_sccgt_no_h2
ZH,open_field_pv,0.0,DE-CH,policy_sccgt_no_h2
JU,wind_onshore_competing,0.0,FR-CH,policy_sccgt_no_h2
NE,wind_onshore_competing,0.0,FR-CH,policy_sccgt_no_h2
BE,wind_onshore_competing,0.0,DE-CH,policy_sccgt_no_h2
SH,wind_onshore_competing,0.0,DE-CH,policy_sccgt_no_h2
BL_BS,open_field_pv,0.0,DE-CH,policy_sccgt_no_h2
FRA,wind_onshore_competing,835.6734603879809,,policy_sccgt_no_h2
NE,open_field_pv,0.0,FR-CH,policy_sccgt_no_h2
AI_AR,open_field_pv,0.0,DE-CH,policy_sccgt_no_h2
FR,wind_onshore_competing,0.0,FR-CH,policy_sccgt_no_h2
BE,open_field_pv,0.0,DE-CH,policy_sccgt_no_h2
GR,open_field_pv,0.0,DE-CH,policy_sccgt_no_h2
SG,open_field_pv,0.0,DE-CH,policy_sccgt_no_h2
GE,open_field_pv,0.0,FR-CH,policy_sccgt_no_h2
ITA,wind_onshore_competing,4634.397407220439,,policy_sccgt_no_h2
NW_OW,wind_onshore_competing,0.0,DE-CH,policy_sccgt_no_h2
DEU,wind_onshore_competing,5253.554491248239,,policy_sccgt_no_h2
ZG,wind_onshore_competing,0.0,DE-CH,policy_sccgt_no_h2
TI,wind_onshore_competing,0.0,,policy_sccgt_no_h2
VS,open_field_pv,0.0,FR-CH,policy_sccgt_no_h2
VD,wind_onshore_competing,0.0,FR-CH,policy_sccgt_no_h2
AI_AR,wind_onshore_competing,0.0,DE-CH,policy_sccgt_plus_h2
FRA,open_field_pv,760.4840787633468,,policy_sccgt_plus_h2
AUT,open_field_pv,210.30715223574182,,policy_sccgt_plus_h2
AI_AR,open_field_pv,0.0,DE-CH,policy_sccgt_plus_h2
GE,wind_onshore_competing,0.0,FR-CH,policy_sccgt_plus_h2
BL_BS,wind_onshore_competing,0.0,DE-CH,policy_sccgt_plus_h2
TG,open_field_pv,0.0,DE-CH,policy_sccgt_plus_h2
SG,wind_onshore_competing,0.0,DE-CH,policy_sccgt_plus_h2
NW_OW,open_field_pv,0.0,DE-CH,policy_sccgt_plus_h2
ZG,open_field_pv,0.0,DE-CH,policy_sccgt_plus_h2
SZ,open_field_pv,0.0,DE-CH,policy_sccgt_plus_h2
ZH,wind_onshore_competing,0.0,DE-CH,policy_sccgt_plus_h2
AUT,wind_onshore_competing,1805.7193212636519,,policy_sccgt_plus_h2
JU,wind_onshore_competing,0.0,FR-CH,policy_sccgt_plus_h2
TI,open_field_pv,0.0,,policy_sccgt_plus_h2
NE,open_field_pv,0.0,FR-CH,policy_sccgt_plus_h2
GR,wind_onshore_competing,0.0,DE-CH,policy_sccgt_plus_h2
SO,open_field_pv,0.0,DE-CH,policy_sccgt_plus_h2
SZ,wind_onshore_competing,0.0,DE-CH,policy_sccgt_plus_h2
GR,open_field_pv,0.0,DE-CH,policy_sccgt_plus_h2
ITA,wind_onshore_competing,4634.397407220439,,policy_sccgt_plus_h2
VS,open_field_pv,0.0,FR-CH,policy_sccgt_plus_h2
JU,open_field_pv,0.0,FR-CH,policy_sccgt_plus_h2
SG,open_field_pv,0.0,DE-CH,policy_sccgt_plus_h2
ZG,wind_onshore_competing,0.0,DE-CH,policy_sccgt_plus_h2
VS,wind_onshore_competing,0.0,FR-CH,policy_sccgt_plus_h2
DEU,open_field_pv,1831.347718835462,,policy_sccgt_plus_h2
TG,wind_onshore_competing,0.0,DE-CH,policy_sccgt_plus_h2
ITA,open_field_pv,2368.2276185192377,,policy_sccgt_plus_h2
UR,open_field_pv,0.0,DE-CH,policy_sccgt_plus_h2
AG,open_field_pv,0.0,DE-CH,policy_sccgt_plus_h2
VD,open_field_pv,0.0,FR-CH,policy_sccgt_plus_h2
SH,open_field_pv,0.0,DE-CH,policy_sccgt_plus_h2
ZH,open_field_pv,0.0,DE-CH,policy_sccgt_plus_h2
NW_OW,wind_onshore_competing,0.0,DE-CH,policy_sccgt_plus_h2
FRA,wind_onshore_competing,835.6734603879809,,policy_sccgt_plus_h2
AG,wind_onshore_competing,0.0,DE-CH,policy_sccgt_plus_h2
VD,wind_onshore_competing,0.0,FR-CH,policy_sccgt_plus_h2
DEU,wind_onshore_competing,5253.554491248239,,policy_sccgt_plus_h2
NE,wind_onshore_competing,0.0,FR-CH,policy_sccgt_plus_h2
TI,wind_onshore_competing,0.0,,policy_sccgt_plus_h2
SH,wind_onshore_competing,0.0,DE-CH,policy_sccgt_plus_h2
GL,open_field_pv,0.0,DE-CH,policy_sccgt_plus_h2
UR,wind_onshore_competing,0.0,DE-CH,policy_sccgt_plus_h2
FR,open_field_pv,0.0,FR-CH,policy_sccgt_plus_h2
SO,wind_onshore_competing,0.0,DE-CH,policy_sccgt_plus_h2
BE,wind_onshore_competing,0.0,DE-CH,policy_sccgt_plus_h2
LU,wind_onshore_competing,0.0,DE-CH,policy_sccgt_plus_h2
GE,open_field_pv,0.0,FR-CH,policy_sccgt_plus_h2
BL_BS,open_field_pv,0.0,DE-CH,policy_sccgt_plus_h2
FR,wind_onshore_competing,0.0,FR-CH,policy_sccgt_plus_h2
GL,wind_onshore_competing,0.0,DE-CH,policy_sccgt_plus_h2
BE,open_field_pv,0.0,DE-CH,policy_sccgt_plus_h2
LU,open_field_pv,0.0,DE-CH,policy_sccgt_plus_h2
SH,open_field_pv,0.0,DE-CH,policy_wind_x2
GE,open_field_pv,0.0,FR-CH,policy_wind_x2
GR,wind_onshore_competing,0.0,DE-CH,policy_wind_x2
SO,open_field_pv,0.0,DE-CH,policy_wind_x2
JU,open_field_pv,0.0,FR-CH,policy_wind_x2
NW_OW,wind_onshore_competing,0.0,DE-CH,policy_wind_x2
LU,wind_onshore_competing,0.0,DE-CH,policy_wind_x2
NE,wind_onshore_competing,0.0,FR-CH,policy_wind_x2
GL,wind_onshore_competing,0.0,DE-CH,policy_wind_x2
FR,wind_onshore_competing,0.0,FR-CH,policy_wind_x2
VD,wind_onshore_competing,0.0,FR-CH,policy_wind_x2
SG,wind_onshore_competing,0.0,DE-CH,policy_wind_x2
UR,wind_onshore_competing,0.0,DE-CH,policy_wind_x2
GR,open_field_pv,0.0,DE-CH,policy_wind_x2
FRA,open_field_pv,760.4840787633468,,policy_wind_x2
SG,open_field_pv,0.0,DE-CH,policy_wind_x2
BE,wind_onshore_competing,0.0,DE-CH,policy_wind_x2
ITA,open_field_pv,2368.2276185192377,,policy_wind_x2
SH,wind_onshore_competing,0.0,DE-CH,policy_wind_x2
VS,open_field_pv,0.0,FR-CH,policy_wind_x2
LU,open_field_pv,0.0,DE-CH,policy_wind_x2
FRA,wind_onshore_competing,835.6734603879809,,policy_wind_x2
BE,open_field_pv,0.0,DE-CH,policy_wind_x2
GE,wind_onshore_competing,0.0,FR-CH,policy_wind_x2
GL,open_field_pv,0.0,DE-CH,policy_wind_x2
AUT,open_field_pv,210.30715223574182,,policy_wind_x2
TI,open_field_pv,0.0,,policy_wind_x2
SO,wind_onshore_competing,0.0,DE-CH,policy_wind_x2
DEU,open_field_pv,1831.347718835462,,policy_wind_x2
AUT,wind_onshore_competing,1805.7193212636519,,policy_wind_x2
VS,wind_onshore_competing,0.0,FR-CH,policy_wind_x2
TG,wind_onshore_competing,0.0,DE-CH,policy_wind_x2
ZH,wind_onshore_competing,0.0,DE-CH,policy_wind_x2
UR,open_field_pv,0.0,DE-CH,policy_wind_x2
VD,open_field_pv,0.0,FR-CH,policy_wind_x2
AI_AR,wind_onshore_competing,0.0,DE-CH,policy_wind_x2
NE,open_field_pv,0.0,FR-CH,policy_wind_x2
BL_BS,wind_onshore_competing,0.0,DE-CH,policy_wind_x2
AI_AR,open_field_pv,0.0,DE-CH,policy_wind_x2
ITA,wind_onshore_competing,4634.397407220439,,policy_wind_x2
FR,open_field_pv,0.0,FR-CH,policy_wind_x2
ZH,open_field_pv,0.0,DE-CH,policy_wind_x2
JU,wind_onshore_competing,0.0,FR-CH,policy_wind_x2
ZG,wind_onshore_competing,0.0,DE-CH,policy_wind_x2
BL_BS,open_field_pv,0.0,DE-CH,policy_wind_x2
AG,open_field_pv,0.0,DE-CH,policy_wind_x2
ZG,open_field_pv,0.0,DE-CH,policy_wind_x2
TI,wind_onshore_competing,0.0,,policy_wind_x2
NW_OW,open_field_pv,0.0,DE-CH,policy_wind_x2
TG,open_field_pv,0.0,DE-CH,policy_wind_x2
DEU,wind_onshore_competing,5253.554491248239,,policy_wind_x2
AG,wind_onshore_competing,0.0,DE-CH,policy_wind_x2
SZ,wind_onshore_competing,0.0,DE-CH,policy_wind_x2
SZ,open_field_pv,0.0,DE-CH,policy_wind_x2
