loc_tech,energy_cap,scenario_id
FRA::ac_transmission:GE,1.233,baseline
ITA::ac_transmission:GR,1.25,baseline
TI::ac_transmission:ITA,1.25,baseline
VS::ac_transmission:ITA,1.25,baseline
FRA::ac_transmission:JU,1.233,baseline
DEU::ac_transmission:BL_BS,2.3,baseline
ITA::ac_transmission:VS,1.25,baseline
GR::ac_transmission:AUT,0.6,baseline
AG::ac_transmission:DEU,2.3,baseline
AUT::ac_transmission:GR,0.6,baseline
VS::ac_transmission:FRA,1.233,baseline
SG::ac_transmission:AUT,0.6,baseline
GR::ac_transmission:ITA,1.25,baseline
JU::ac_transmission:FRA,1.233,baseline
ITA::ac_transmission:TI,1.25,baseline
FRA::ac_transmission:VS,1.233,baseline
BL_BS::ac_transmission:DEU,2.3,baseline
GE::ac_transmission:FRA,1.233,baseline
DEU::ac_transmission:AG,2.3,baseline
AUT::ac_transmission:SG,0.6,baseline
GR::ac_transmission:AUT,0.6,baseline_no_self_sufficiency_result_4H.nc
JU::ac_transmission:FRA,1.233,baseline_no_self_sufficiency_result_4H.nc
AUT::ac_transmission:GR,0.6,baseline_no_self_sufficiency_result_4H.nc
DEU::ac_transmission:AG,2.3,baseline_no_self_sufficiency_result_4H.nc
GR::ac_transmission:ITA,1.25,baseline_no_self_sufficiency_result_4H.nc
FRA::ac_transmission:GE,1.233,baseline_no_self_sufficiency_result_4H.nc
TI::ac_transmission:ITA,1.25,baseline_no_self_sufficiency_result_4H.nc
ITA::ac_transmission:GR,1.25,baseline_no_self_sufficiency_result_4H.nc
ITA::ac_transmission:TI,1.25,baseline_no_self_sufficiency_result_4H.nc
AUT::ac_transmission:SG,0.6,baseline_no_self_sufficiency_result_4H.nc
AG::ac_transmission:DEU,2.3,baseline_no_self_sufficiency_result_4H.nc
VS::ac_transmission:ITA,1.25,baseline_no_self_sufficiency_result_4H.nc
GE::ac_transmission:FRA,1.233,baseline_no_self_sufficiency_result_4H.nc
FRA::ac_transmission:VS,1.233,baseline_no_self_sufficiency_result_4H.nc
ITA::ac_transmission:VS,1.25,baseline_no_self_sufficiency_result_4H.nc
SG::ac_transmission:AUT,0.6,baseline_no_self_sufficiency_result_4H.nc
DEU::ac_transmission:BL_BS,2.3,baseline_no_self_sufficiency_result_4H.nc
BL_BS::ac_transmission:DEU,2.3,baseline_no_self_sufficiency_result_4H.nc
FRA::ac_transmission:JU,1.233,baseline_no_self_sufficiency_result_4H.nc
VS::ac_transmission:FRA,1.233,baseline_no_self_sufficiency_result_4H.nc
GE::ac_transmission:FRA,1.233,policy_alpine_pv
BL_BS::ac_transmission:DEU,2.3,policy_alpine_pv
JU::ac_transmission:FRA,1.233,policy_alpine_pv
GR::ac_transmission:ITA,1.25,policy_alpine_pv
AUT::ac_transmission:SG,0.6,policy_alpine_pv
DEU::ac_transmission:BL_BS,2.3,policy_alpine_pv
FRA::ac_transmission:JU,1.233,policy_alpine_pv
VS::ac_transmission:FRA,1.233,policy_alpine_pv
ITA::ac_transmission:VS,1.25,policy_alpine_pv
AUT::ac_transmission:GR,0.6,policy_alpine_pv
GR::ac_transmission:AUT,0.6,policy_alpine_pv
AG::ac_transmission:DEU,2.3,policy_alpine_pv
FRA::ac_transmission:VS,1.233,policy_alpine_pv
ITA::ac_transmission:GR,1.25,policy_alpine_pv
TI::ac_transmission:ITA,1.25,policy_alpine_pv
FRA::ac_transmission:GE,1.233,policy_alpine_pv
SG::ac_transmission:AUT,0.6,policy_alpine_pv
ITA::ac_transmission:TI,1.25,policy_alpine_pv
VS::ac_transmission:ITA,1.25,policy_alpine_pv
DEU::ac_transmission:AG,2.3,policy_alpine_pv
GR::ac_transmission:ITA,1.25,policy_chp
AUT::ac_transmission:GR,0.6,policy_chp
FRA::ac_transmission:GE,1.233,policy_chp
VS::ac_transmission:FRA,1.233,policy_chp
GE::ac_transmission:FRA,1.233,policy_chp
TI::ac_transmission:ITA,1.25,policy_chp
ITA::ac_transmission:TI,1.25,policy_chp
JU::ac_transmission:FRA,1.233,policy_chp
FRA::ac_transmission:VS,1.233,policy_chp
BL_BS::ac_transmission:DEU,2.3,policy_chp
DEU::ac_transmission:BL_BS,2.3,policy_chp
VS::ac_transmission:ITA,1.25,policy_chp
DEU::ac_transmission:AG,2.3,policy_chp
SG::ac_transmission:AUT,0.6,policy_chp
AUT::ac_transmission:SG,0.6,policy_chp
GR::ac_transmission:AUT,0.6,policy_chp
AG::ac_transmission:DEU,2.3,policy_chp
ITA::ac_transmission:VS,1.25,policy_chp
ITA::ac_transmission:GR,1.25,policy_chp
FRA::ac_transmission:JU,1.233,policy_chp
VS::ac_transmission:FRA,1.233,policy_h2_imports_only
GR::ac_transmission:AUT,0.6,policy_h2_imports_only
FRA::ac_transmission:GE,1.233,policy_h2_imports_only
JU::ac_transmission:FRA,1.233,policy_h2_imports_only
TI::ac_transmission:ITA,1.25,policy_h2_imports_only
FRA::ac_transmission:JU,1.233,policy_h2_imports_only
GE::ac_transmission:FRA,1.233,policy_h2_imports_only
AUT::ac_transmission:SG,0.6,policy_h2_imports_only
DEU::ac_transmission:BL_BS,2.3,policy_h2_imports_only
DEU::ac_transmission:AG,2.3,policy_h2_imports_only
VS::ac_transmission:ITA,1.25,policy_h2_imports_only
BL_BS::ac_transmission:DEU,2.3,policy_h2_imports_only
ITA::ac_transmission:VS,1.25,policy_h2_imports_only
FRA::ac_transmission:VS,1.233,policy_h2_imports_only
GR::ac_transmission:ITA,1.25,policy_h2_imports_only
SG::ac_transmission:AUT,0.6,policy_h2_imports_only
AUT::ac_transmission:GR,0.6,policy_h2_imports_only
ITA::ac_transmission:TI,1.25,policy_h2_imports_only
AG::ac_transmission:DEU,2.3,policy_h2_imports_only
ITA::ac_transmission:GR,1.25,policy_h2_imports_only
DEU::ac_transmission:AG,2.3,policy_mix
FRA::ac_transmission:VS,1.233,policy_mix
GR::ac_transmission:ITA,1.25,policy_mix
AG::ac_transmission:DEU,2.3,policy_mix
BL_BS::ac_transmission:DEU,2.3,policy_mix
FRA::ac_transmission:JU,1.233,policy_mix
JU::ac_transmission:FRA,1.233,policy_mix
GR::ac_transmission:AUT,0.6,policy_mix
ITA::ac_transmission:GR,1.25,policy_mix
VS::ac_transmission:FRA,1.233,policy_mix
AUT::ac_transmission:SG,0.6,policy_mix
SG::ac_transmission:AUT,0.6,policy_mix
AUT::ac_transmission:GR,0.6,policy_mix
VS::ac_transmission:ITA,1.25,policy_mix
ITA::ac_transmission:VS,1.25,policy_mix
GE::ac_transmission:FRA,1.233,policy_mix
TI::ac_transmission:ITA,1.25,policy_mix
ITA::ac_transmission:TI,1.25,policy_mix
FRA::ac_transmission:GE,1.233,policy_mix
DEU::ac_transmission:BL_BS,2.3,policy_mix
GR::ac_transmission:AUT,0.6,policy_remix
VS::ac_transmission:ITA,1.25,policy_remix
GR::ac_transmission:ITA,1.25,policy_remix
DEU::ac_transmission:AG,2.3,policy_remix
DEU::ac_transmission:BL_BS,2.3,policy_remix
FRA::ac_transmission:VS,1.233,policy_remix
ITA::ac_transmission:GR,1.25,policy_remix
AG::ac_transmission:DEU,2.3,policy_remix
AUT::ac_transmission:SG,0.6,policy_remix
GE::ac_transmission:FRA,1.233,policy_remix
VS::ac_transmission:FRA,1.233,policy_remix
FRA::ac_transmission:JU,1.233,policy_remix
FRA::ac_transmission:GE,1.233,policy_remix
BL_BS::ac_transmission:DEU,2.3,policy_remix
SG::ac_transmission:AUT,0.6,policy_remix
JU::ac_transmission:FRA,1.233,policy_remix
TI::ac_transmission:ITA,1.25,policy_remix
AUT::ac_transmission:GR,0.6,policy_remix
ITA::ac_transmission:VS,1.25,policy_remix
ITA::ac_transmission:TI,1.25,policy_remix
VS::ac_transmission:ITA,1.25,policy_roof_pv
GE::ac_transmission:FRA,1.233,policy_roof_pv
ITA::ac_transmission:TI,1.25,policy_roof_pv
DEU::ac_transmission:BL_BS,2.3,policy_roof_pv
ITA::ac_transmission:VS,1.25,policy_roof_pv
GR::ac_transmission:AUT,0.6,policy_roof_pv
ITA::ac_transmission:GR,1.25,policy_roof_pv
BL_BS::ac_transmission:DEU,2.3,policy_roof_pv
AUT::ac_transmission:SG,0.6,policy_roof_pv
AG::ac_transmission:DEU,2.3,policy_roof_pv
TI::ac_transmission:ITA,1.25,policy_roof_pv
FRA::ac_transmission:JU,1.233,policy_roof_pv
FRA::ac_transmission:VS,1.233,policy_roof_pv
GR::ac_transmission:ITA,1.25,policy_roof_pv
FRA::ac_transmission:GE,1.233,policy_roof_pv
SG::ac_transmission:AUT,0.6,policy_roof_pv
DEU::ac_transmission:AG,2.3,policy_roof_pv
AUT::ac_transmission:GR,0.6,policy_roof_pv
JU::ac_transmission:FRA,1.233,policy_roof_pv
VS::ac_transmission:FRA,1.233,policy_roof_pv
AG::ac_transmission:DEU,2.3,policy_sccgt_daccs
GR::ac_transmission:ITA,1.25,policy_sccgt_daccs
DEU::ac_transmission:AG,2.3,policy_sccgt_daccs
GE::ac_transmission:FRA,1.233,policy_sccgt_daccs
JU::ac_transmission:FRA,1.233,policy_sccgt_daccs
DEU::ac_transmission:BL_BS,2.3,policy_sccgt_daccs
AUT::ac_transmission:SG,0.6,policy_sccgt_daccs
AUT::ac_transmission:GR,0.6,policy_sccgt_daccs
GR::ac_transmission:AUT,0.6,policy_sccgt_daccs
ITA::ac_transmission:TI,1.25,policy_sccgt_daccs
VS::ac_transmission:ITA,1.25,policy_sccgt_daccs
ITA::ac_transmission:VS,1.25,policy_sccgt_daccs
FRA::ac_transmission:GE,1.233,policy_sccgt_daccs
TI::ac_transmission:ITA,1.25,policy_sccgt_daccs
ITA::ac_transmission:GR,1.25,policy_sccgt_daccs
FRA::ac_transmission:JU,1.233,policy_sccgt_daccs
FRA::ac_transmission:VS,1.233,policy_sccgt_daccs
VS::ac_transmission:FRA,1.233,policy_sccgt_daccs
BL_BS::ac_transmission:DEU,2.3,policy_sccgt_daccs
SG::ac_transmission:AUT,0.6,policy_sccgt_daccs
AG::ac_transmission:DEU,2.3,policy_sccgt_no_h2
SG::ac_transmission:AUT,0.6,policy_sccgt_no_h2
FRA::ac_transmission:GE,1.233,policy_sccgt_no_h2
ITA::ac_transmission:VS,1.25,policy_sccgt_no_h2
FRA::ac_transmission:JU,1.233,policy_sccgt_no_h2
ITA::ac_transmission:TI,1.25,policy_sccgt_no_h2
AUT::ac_transmission:SG,0.6,policy_sccgt_no_h2
VS::ac_transmission:ITA,1.25,policy_sccgt_no_h2
AUT::ac_transmission:GR,0.6,policy_sccgt_no_h2
DEU::ac_transmission:BL_BS,2.3,policy_sccgt_no_h2
DEU::ac_transmission:AG,2.3,policy_sccgt_no_h2
ITA::ac_transmission:GR,1.25,policy_sccgt_no_h2
BL_BS::ac_transmission:DEU,2.3,policy_sccgt_no_h2
GE::ac_transmission:FRA,1.233,policy_sccgt_no_h2
VS::ac_transmission:FRA,1.233,policy_sccgt_no_h2
GR::ac_transmission:AUT,0.6,policy_sccgt_no_h2
TI::ac_transmission:ITA,1.25,policy_sccgt_no_h2
FRA::ac_transmission:VS,1.233,policy_sccgt_no_h2
JU::ac_transmission:FRA,1.233,policy_sccgt_no_h2
GR::ac_transmission:ITA,1.25,policy_sccgt_no_h2
AUT::ac_transmission:GR,0.6,policy_sccgt_plus_h2
AG::ac_transmission:DEU,2.3,policy_sccgt_plus_h2
ITA::ac_transmission:TI,1.25,policy_sccgt_plus_h2
FRA::ac_transmission:JU,1.233,policy_sccgt_plus_h2
AUT::ac_transmission:SG,0.6,policy_sccgt_plus_h2
SG::ac_transmission:AUT,0.6,policy_sccgt_plus_h2
GR::ac_transmission:AUT,0.6,policy_sccgt_plus_h2
VS::ac_transmission:ITA,1.25,policy_sccgt_plus_h2
TI::ac_transmission:ITA,1.25,policy_sccgt_plus_h2
DEU::ac_transmission:BL_BS,2.3,policy_sccgt_plus_h2
VS::ac_transmission:FRA,1.233,policy_sccgt_plus_h2
DEU::ac_transmission:AG,2.3,policy_sccgt_plus_h2
JU::ac_transmission:FRA,1.233,policy_sccgt_plus_h2
ITA::ac_transmission:GR,1.25,policy_sccgt_plus_h2
FRA::ac_transmission:GE,1.233,policy_sccgt_plus_h2
BL_BS::ac_transmission:DEU,2.3,policy_sccgt_plus_h2
ITA::ac_transmission:VS,1.25,policy_sccgt_plus_h2
FRA::ac_transmission:VS,1.233,policy_sccgt_plus_h2
GE::ac_transmission:FRA,1.233,policy_sccgt_plus_h2
GR::ac_transmission:ITA,1.25,policy_sccgt_plus_h2
GE::ac_transmission:FRA,1.233,policy_wind_x2
VS::ac_transmission:ITA,1.25,policy_wind_x2
VS::ac_transmission:FRA,1.233,policy_wind_x2
GR::ac_transmission:AUT,0.6,policy_wind_x2
GR::ac_transmission:ITA,1.25,policy_wind_x2
ITA::ac_transmission:GR,1.25,policy_wind_x2
AUT::ac_transmission:SG,0.6,policy_wind_x2
ITA::ac_transmission:VS,1.25,policy_wind_x2
DEU::ac_transmission:BL_BS,2.3,policy_wind_x2
ITA::ac_transmission:TI,1.25,policy_wind_x2
JU::ac_transmission:FRA,1.233,policy_wind_x2
AUT::ac_transmission:GR,0.6,policy_wind_x2
DEU::ac_transmission:AG,2.3,policy_wind_x2
BL_BS::ac_transmission:DEU,2.3,policy_wind_x2
FRA::ac_transmission:VS,1.233,policy_wind_x2
FRA::ac_transmission:JU,1.233,policy_wind_x2
AG::ac_transmission:DEU,2.3,policy_wind_x2
TI::ac_transmission:ITA,1.25,policy_wind_x2
SG::ac_transmission:AUT,0.6,policy_wind_x2
FRA::ac_transmission:GE,1.233,policy_wind_x2
