loc_tech_carriers_prod,fuel_import_mwh,canton,tech_carrier,language_region,scenario_id
UR::import_synmethane::methane,469.73514038421774,UR,import_synmethane::methane,DE-CH,baseline
AG::import_synmethane::methane,470.73019765686524,AG,import_synmethane::methane,DE-CH,baseline
JU::import_synmethane::methane,470.26505100309754,JU,import_synmethane::methane,FR-CH,baseline
BE::import_synmethane::methane,470.12349101569,BE,import_synmethane::methane,DE-CH,baseline
SH::import_synmethane::methane,473.4714398497888,SH,import_synmethane::methane,DE-CH,baseline
FR::import_synmethane::methane,468.85103958591947,FR,import_synmethane::methane,FR-CH,baseline
NW_OW::import_synmethane::methane,469.9499112547653,NW_OW,import_synmethane::methane,DE-CH,baseline
SO::import_syndiesel::diesel,303.2303943873869,SO,import_syndiesel::diesel,DE-CH,baseline
UR::import_syndiesel::diesel,302.065153691015,UR,import_syndiesel::diesel,DE-CH,baseline
GE::import_syndiesel::diesel,304.54714354473253,GE,import_syndiesel::diesel,FR-CH,baseline
VS::import_synmethane::methane,469.05103547429985,VS,import_synmethane::methane,FR-CH,baseline
BE::import_syndiesel::diesel,303.1476008703233,BE,import_syndiesel::diesel,DE-CH,baseline
TI::import_synmethane::methane,469.2724978020426,TI,import_synmethane::methane,,baseline
NW_OW::import_syndiesel::diesel,302.2101801995568,NW_OW,import_syndiesel::diesel,DE-CH,baseline
SO::import_synmethane::methane,470.3682876092147,SO,import_synmethane::methane,DE-CH,baseline
BL_BS::import_syndiesel::diesel,303.4499368718608,BL_BS,import_syndiesel::diesel,DE-CH,baseline
AG::import_syndiesel::diesel,303.2636168160812,AG,import_syndiesel::diesel,DE-CH,baseline
ZH::import_synmethane::methane,472.4927843073066,ZH,import_synmethane::methane,DE-CH,baseline
VS::import_syndiesel::diesel,302.85787787428706,VS,import_syndiesel::diesel,FR-CH,baseline
SG::import_syndiesel::diesel,302.11354458908414,SG,import_syndiesel::diesel,DE-CH,baseline
ZG::import_synmethane::methane,471.09571320084086,ZG,import_synmethane::methane,DE-CH,baseline
TG::import_synmethane::methane,472.18431075237913,TG,import_synmethane::methane,DE-CH,baseline
VD::import_syndiesel::diesel,303.6916973799166,VD,import_syndiesel::diesel,FR-CH,baseline
ZH::import_syndiesel::diesel,302.91878210567063,ZH,import_syndiesel::diesel,DE-CH,baseline
TI::import_syndiesel::diesel,302.32758062804044,TI,import_syndiesel::diesel,,baseline
GR::import_syndiesel::diesel,301.8767926427937,GR,import_syndiesel::diesel,DE-CH,baseline
TG::import_syndiesel::diesel,302.5526117560498,TG,import_syndiesel::diesel,DE-CH,baseline
ZG::import_syndiesel::diesel,302.6198394954711,ZG,import_syndiesel::diesel,DE-CH,baseline
SZ::import_synmethane::methane,470.51119445405743,SZ,import_synmethane::methane,DE-CH,baseline
FR::import_syndiesel::diesel,303.35102505776706,FR,import_syndiesel::diesel,FR-CH,baseline
NE::import_syndiesel::diesel,303.1572227405223,NE,import_syndiesel::diesel,FR-CH,baseline
GE::import_synmethane::methane,468.4420214497674,GE,import_synmethane::methane,FR-CH,baseline
NE::import_synmethane::methane,469.5892788646305,NE,import_synmethane::methane,FR-CH,baseline
SZ::import_syndiesel::diesel,302.2275588056527,SZ,import_syndiesel::diesel,DE-CH,baseline
GR::import_synmethane::methane,469.85490778333235,GR,import_synmethane::methane,DE-CH,baseline
GL::import_syndiesel::diesel,301.6274842585819,GL,import_syndiesel::diesel,DE-CH,baseline
SG::import_synmethane::methane,470.823496788498,SG,import_synmethane::methane,DE-CH,baseline
SH::import_syndiesel::diesel,302.4064330540164,SH,import_syndiesel::diesel,DE-CH,baseline
JU::import_syndiesel::diesel,302.96043766426476,JU,import_syndiesel::diesel,FR-CH,baseline
LU::import_syndiesel::diesel,302.8314724144419,LU,import_syndiesel::diesel,DE-CH,baseline
AI_AR::import_synmethane::methane,471.34054301666134,AI_AR,import_synmethane::methane,DE-CH,baseline
GL::import_synmethane::methane,470.1220774150927,GL,import_synmethane::methane,DE-CH,baseline
AI_AR::import_syndiesel::diesel,300.6166104195855,AI_AR,import_syndiesel::diesel,DE-CH,baseline
BL_BS::import_synmethane::methane,470.34428012628706,BL_BS,import_synmethane::methane,DE-CH,baseline
VD::import_synmethane::methane,468.91026560616115,VD,import_synmethane::methane,FR-CH,baseline
LU::import_synmethane::methane,470.4573210317835,LU,import_synmethane::methane,DE-CH,baseline
FR::import_synmethane::methane,396.78943735938253,FR,import_synmethane::methane,FR-CH,baseline_no_self_sufficiency_result_4H.nc
GL::import_synmethane::methane,396.64411672584083,GL,import_synmethane::methane,DE-CH,baseline_no_self_sufficiency_result_4H.nc
SH::import_synmethane::methane,397.5677860262939,SH,import_synmethane::methane,DE-CH,baseline_no_self_sufficiency_result_4H.nc
JU::import_syndiesel::diesel,0.0005298975250570836,JU,import_syndiesel::diesel,FR-CH,baseline_no_self_sufficiency_result_4H.nc
BL_BS::import_syndiesel::diesel,0.0005299000543127728,BL_BS,import_syndiesel::diesel,DE-CH,baseline_no_self_sufficiency_result_4H.nc
VD::import_syndiesel::diesel,0.0005298917057542648,VD,import_syndiesel::diesel,FR-CH,baseline_no_self_sufficiency_result_4H.nc
SZ::import_syndiesel::diesel,0.0005298927718325561,SZ,import_syndiesel::diesel,DE-CH,baseline_no_self_sufficiency_result_4H.nc
BE::import_synmethane::methane,396.94634817188387,BE,import_synmethane::methane,DE-CH,baseline_no_self_sufficiency_result_4H.nc
GE::import_synmethane::methane,397.0237344823965,GE,import_synmethane::methane,FR-CH,baseline_no_self_sufficiency_result_4H.nc
TI::import_synmethane::methane,396.5664300065629,TI,import_synmethane::methane,,baseline_no_self_sufficiency_result_4H.nc
SG::import_syndiesel::diesel,0.000529892161072133,SG,import_syndiesel::diesel,DE-CH,baseline_no_self_sufficiency_result_4H.nc
VS::import_synmethane::methane,396.6616520878962,VS,import_synmethane::methane,FR-CH,baseline_no_self_sufficiency_result_4H.nc
LU::import_synmethane::methane,396.9647360454903,LU,import_synmethane::methane,DE-CH,baseline_no_self_sufficiency_result_4H.nc
VS::import_syndiesel::diesel,0.0005298873641957792,VS,import_syndiesel::diesel,FR-CH,baseline_no_self_sufficiency_result_4H.nc
BL_BS::import_synmethane::methane,397.11053343085337,BL_BS,import_synmethane::methane,DE-CH,baseline_no_self_sufficiency_result_4H.nc
GE::import_syndiesel::diesel,0.0005298963102138604,GE,import_syndiesel::diesel,FR-CH,baseline_no_self_sufficiency_result_4H.nc
LU::import_syndiesel::diesel,0.000529895380102921,LU,import_syndiesel::diesel,DE-CH,baseline_no_self_sufficiency_result_4H.nc
NE::import_synmethane::methane,396.93093904090915,NE,import_synmethane::methane,FR-CH,baseline_no_self_sufficiency_result_4H.nc
NW_OW::import_synmethane::methane,396.7595447821633,NW_OW,import_synmethane::methane,DE-CH,baseline_no_self_sufficiency_result_4H.nc
SO::import_synmethane::methane,397.0808924151808,SO,import_synmethane::methane,DE-CH,baseline_no_self_sufficiency_result_4H.nc
FR::import_syndiesel::diesel,0.0005298911016510774,FR,import_syndiesel::diesel,FR-CH,baseline_no_self_sufficiency_result_4H.nc
SG::import_synmethane::methane,396.8294868330574,SG,import_synmethane::methane,DE-CH,baseline_no_self_sufficiency_result_4H.nc
ZH::import_syndiesel::diesel,0.0005299014967983347,ZH,import_syndiesel::diesel,DE-CH,baseline_no_self_sufficiency_result_4H.nc
BE::import_syndiesel::diesel,0.0005298932550016329,BE,import_syndiesel::diesel,DE-CH,baseline_no_self_sufficiency_result_4H.nc
TI::import_syndiesel::diesel,0.0005298843792279923,TI,import_syndiesel::diesel,,baseline_no_self_sufficiency_result_4H.nc
GR::import_synmethane::methane,396.61807991425815,GR,import_synmethane::methane,DE-CH,baseline_no_self_sufficiency_result_4H.nc
JU::import_synmethane::methane,397.0382835129794,JU,import_synmethane::methane,FR-CH,baseline_no_self_sufficiency_result_4H.nc
SH::import_syndiesel::diesel,0.0005299111822714926,SH,import_syndiesel::diesel,DE-CH,baseline_no_self_sufficiency_result_4H.nc
AI_AR::import_synmethane::methane,396.58919557577974,AI_AR,import_synmethane::methane,DE-CH,baseline_no_self_sufficiency_result_4H.nc
UR::import_syndiesel::diesel,0.0005298879042749967,UR,import_syndiesel::diesel,DE-CH,baseline_no_self_sufficiency_result_4H.nc
UR::import_synmethane::methane,396.6627825172972,UR,import_synmethane::methane,DE-CH,baseline_no_self_sufficiency_result_4H.nc
GR::import_syndiesel::diesel,0.0005298862094816482,GR,import_syndiesel::diesel,DE-CH,baseline_no_self_sufficiency_result_4H.nc
SZ::import_synmethane::methane,396.84390350017503,SZ,import_synmethane::methane,DE-CH,baseline_no_self_sufficiency_result_4H.nc
ZG::import_syndiesel::diesel,0.0005298982313281864,ZG,import_syndiesel::diesel,DE-CH,baseline_no_self_sufficiency_result_4H.nc
AI_AR::import_syndiesel::diesel,0.0005298842683874341,AI_AR,import_syndiesel::diesel,DE-CH,baseline_no_self_sufficiency_result_4H.nc
AG::import_syndiesel::diesel,0.0005298987241547357,AG,import_syndiesel::diesel,DE-CH,baseline_no_self_sufficiency_result_4H.nc
VD::import_synmethane::methane,396.84193817313565,VD,import_synmethane::methane,FR-CH,baseline_no_self_sufficiency_result_4H.nc
TG::import_syndiesel::diesel,0.0005299038784764565,TG,import_syndiesel::diesel,DE-CH,baseline_no_self_sufficiency_result_4H.nc
ZG::import_synmethane::methane,397.0736663576722,ZG,import_synmethane::methane,DE-CH,baseline_no_self_sufficiency_result_4H.nc
NE::import_syndiesel::diesel,0.0005298939961773466,NE,import_syndiesel::diesel,FR-CH,baseline_no_self_sufficiency_result_4H.nc
NW_OW::import_syndiesel::diesel,0.0005298907734966037,NW_OW,import_syndiesel::diesel,DE-CH,baseline_no_self_sufficiency_result_4H.nc
ZH::import_synmethane::methane,397.32822962371205,ZH,import_synmethane::methane,DE-CH,baseline_no_self_sufficiency_result_4H.nc
AG::import_synmethane::methane,397.10136289830734,AG,import_synmethane::methane,DE-CH,baseline_no_self_sufficiency_result_4H.nc
SO::import_syndiesel::diesel,0.000529898613876317,SO,import_syndiesel::diesel,DE-CH,baseline_no_self_sufficiency_result_4H.nc
GL::import_syndiesel::diesel,0.0005298878350314734,GL,import_syndiesel::diesel,DE-CH,baseline_no_self_sufficiency_result_4H.nc
TG::import_synmethane::methane,397.25704135460035,TG,import_synmethane::methane,DE-CH,baseline_no_self_sufficiency_result_4H.nc
BL_BS::import_syndiesel::diesel,0.0002623405100312449,BL_BS,import_syndiesel::diesel,DE-CH,policy_alpine_pv
BL_BS::import_synmethane::methane,0.00041170512805881757,BL_BS,import_synmethane::methane,DE-CH,policy_alpine_pv
FR::import_synmethane::methane,0.0004117183902378894,FR,import_synmethane::methane,FR-CH,policy_alpine_pv
TI::import_syndiesel::diesel,0.0002623411170680272,TI,import_syndiesel::diesel,,policy_alpine_pv
LU::import_synmethane::methane,0.0004117201199170893,LU,import_synmethane::methane,DE-CH,policy_alpine_pv
UR::import_synmethane::methane,0.00041172431788304837,UR,import_synmethane::methane,DE-CH,policy_alpine_pv
FR::import_syndiesel::diesel,0.0002623403115499717,FR,import_syndiesel::diesel,FR-CH,policy_alpine_pv
SG::import_synmethane::methane,0.0004117285603782706,SG,import_synmethane::methane,DE-CH,policy_alpine_pv
SH::import_synmethane::methane,0.00041174300192555564,SH,import_synmethane::methane,DE-CH,policy_alpine_pv
TI::import_synmethane::methane,0.0004117102170714033,TI,import_synmethane::methane,,policy_alpine_pv
TG::import_synmethane::methane,0.0004117476583604375,TG,import_synmethane::methane,DE-CH,policy_alpine_pv
LU::import_syndiesel::diesel,0.0002623404175859447,LU,import_syndiesel::diesel,DE-CH,policy_alpine_pv
SZ::import_syndiesel::diesel,0.0002623405915072491,SZ,import_syndiesel::diesel,DE-CH,policy_alpine_pv
BE::import_syndiesel::diesel,0.00026234054289196127,BE,import_syndiesel::diesel,DE-CH,policy_alpine_pv
AG::import_synmethane::methane,0.0004117030010658986,AG,import_synmethane::methane,DE-CH,policy_alpine_pv
VS::import_synmethane::methane,0.00041169934060647495,VS,import_synmethane::methane,FR-CH,policy_alpine_pv
GR::import_synmethane::methane,0.00041174618323072166,GR,import_synmethane::methane,DE-CH,policy_alpine_pv
VS::import_syndiesel::diesel,0.00026234089029146513,VS,import_syndiesel::diesel,FR-CH,policy_alpine_pv
BE::import_synmethane::methane,0.0004117032499551432,BE,import_synmethane::methane,DE-CH,policy_alpine_pv
UR::import_syndiesel::diesel,0.0002623407531168939,UR,import_syndiesel::diesel,DE-CH,policy_alpine_pv
ZG::import_syndiesel::diesel,0.00026234043004612123,ZG,import_syndiesel::diesel,DE-CH,policy_alpine_pv
AI_AR::import_syndiesel::diesel,0.00026234095157728844,AI_AR,import_syndiesel::diesel,DE-CH,policy_alpine_pv
ZH::import_syndiesel::diesel,0.00026234048725875864,ZH,import_syndiesel::diesel,DE-CH,policy_alpine_pv
NE::import_syndiesel::diesel,0.0002623404059850393,NE,import_syndiesel::diesel,FR-CH,policy_alpine_pv
SH::import_syndiesel::diesel,0.00026234027583022944,SH,import_syndiesel::diesel,DE-CH,policy_alpine_pv
SG::import_syndiesel::diesel,0.0002623408105406585,SG,import_syndiesel::diesel,DE-CH,policy_alpine_pv
GL::import_synmethane::methane,0.000411741954618912,GL,import_synmethane::methane,DE-CH,policy_alpine_pv
ZH::import_synmethane::methane,0.000411707330381094,ZH,import_synmethane::methane,DE-CH,policy_alpine_pv
SO::import_synmethane::methane,0.00041172795853441663,SO,import_synmethane::methane,DE-CH,policy_alpine_pv
GR::import_syndiesel::diesel,0.0002623412502541951,GR,import_syndiesel::diesel,DE-CH,policy_alpine_pv
NE::import_synmethane::methane,0.00041172623698097516,NE,import_synmethane::methane,FR-CH,policy_alpine_pv
GE::import_synmethane::methane,0.0004116675886403811,GE,import_synmethane::methane,FR-CH,policy_alpine_pv
JU::import_syndiesel::diesel,0.0002623405288897393,JU,import_syndiesel::diesel,FR-CH,policy_alpine_pv
AG::import_syndiesel::diesel,0.0002623404698940707,AG,import_syndiesel::diesel,DE-CH,policy_alpine_pv
ZG::import_synmethane::methane,0.00041173082368851287,ZG,import_synmethane::methane,DE-CH,policy_alpine_pv
NW_OW::import_syndiesel::diesel,0.0002623404099120502,NW_OW,import_syndiesel::diesel,DE-CH,policy_alpine_pv
JU::import_synmethane::methane,0.0004117325062897055,JU,import_synmethane::methane,FR-CH,policy_alpine_pv
AI_AR::import_synmethane::methane,0.00041176945407686555,AI_AR,import_synmethane::methane,DE-CH,policy_alpine_pv
TG::import_syndiesel::diesel,0.00026234054556799823,TG,import_syndiesel::diesel,DE-CH,policy_alpine_pv
SZ::import_synmethane::methane,0.000411733853652814,SZ,import_synmethane::methane,DE-CH,policy_alpine_pv
NW_OW::import_synmethane::methane,0.0004117243850241667,NW_OW,import_synmethane::methane,DE-CH,policy_alpine_pv
VD::import_synmethane::methane,0.0004116776911479537,VD,import_synmethane::methane,FR-CH,policy_alpine_pv
VD::import_syndiesel::diesel,0.0002623401706847554,VD,import_syndiesel::diesel,FR-CH,policy_alpine_pv
GE::import_syndiesel::diesel,0.0002623392282969188,GE,import_syndiesel::diesel,FR-CH,policy_alpine_pv
GL::import_syndiesel::diesel,0.0002623408584674062,GL,import_syndiesel::diesel,DE-CH,policy_alpine_pv
SO::import_syndiesel::diesel,0.0002623405218607826,SO,import_syndiesel::diesel,DE-CH,policy_alpine_pv
SO::import_synmethane::methane,756.6305195553836,SO,import_synmethane::methane,DE-CH,policy_chp
TI::import_synmethane::methane,756.6123342828873,TI,import_synmethane::methane,,policy_chp
SZ::import_syndiesel::diesel,0.0008709176371002849,SZ,import_syndiesel::diesel,DE-CH,policy_chp
SH::import_syndiesel::diesel,0.0008709137337888826,SH,import_syndiesel::diesel,DE-CH,policy_chp
UR::import_synmethane::methane,756.5871586129917,UR,import_synmethane::methane,DE-CH,policy_chp
ZH::import_syndiesel::diesel,0.0008709158654203746,ZH,import_syndiesel::diesel,DE-CH,policy_chp
NW_OW::import_synmethane::methane,756.6351144028257,NW_OW,import_synmethane::methane,DE-CH,policy_chp
JU::import_syndiesel::diesel,0.0008709196999363406,JU,import_syndiesel::diesel,FR-CH,policy_chp
GE::import_synmethane::methane,756.7095119085252,GE,import_synmethane::methane,FR-CH,policy_chp
NE::import_synmethane::methane,756.7759155339122,NE,import_synmethane::methane,FR-CH,policy_chp
FR::import_synmethane::methane,756.7588045345724,FR,import_synmethane::methane,FR-CH,policy_chp
SG::import_synmethane::methane,756.229248071305,SG,import_synmethane::methane,DE-CH,policy_chp
TI::import_syndiesel::diesel,0.000870919759154882,TI,import_syndiesel::diesel,,policy_chp
BL_BS::import_syndiesel::diesel,0.0008709184828038915,BL_BS,import_syndiesel::diesel,DE-CH,policy_chp
SO::import_syndiesel::diesel,0.0008709186326513478,SO,import_syndiesel::diesel,DE-CH,policy_chp
NE::import_syndiesel::diesel,0.000870920213146036,NE,import_syndiesel::diesel,FR-CH,policy_chp
UR::import_syndiesel::diesel,0.000870919257556831,UR,import_syndiesel::diesel,DE-CH,policy_chp
BE::import_syndiesel::diesel,0.0008709194844564797,BE,import_syndiesel::diesel,DE-CH,policy_chp
VD::import_syndiesel::diesel,0.000870920337315394,VD,import_syndiesel::diesel,FR-CH,policy_chp
BL_BS::import_synmethane::methane,756.6298262814496,BL_BS,import_synmethane::methane,DE-CH,policy_chp
GL::import_syndiesel::diesel,0.0008709178244388695,GL,import_syndiesel::diesel,DE-CH,policy_chp
GL::import_synmethane::methane,756.3744464874508,GL,import_synmethane::methane,DE-CH,policy_chp
AI_AR::import_synmethane::methane,755.5625670854077,AI_AR,import_synmethane::methane,DE-CH,policy_chp
GR::import_syndiesel::diesel,0.0008709186807880504,GR,import_syndiesel::diesel,DE-CH,policy_chp
BE::import_synmethane::methane,756.6063810178653,BE,import_synmethane::methane,DE-CH,policy_chp
SZ::import_synmethane::methane,756.4308816710379,SZ,import_synmethane::methane,DE-CH,policy_chp
VS::import_synmethane::methane,756.6738673657864,VS,import_synmethane::methane,FR-CH,policy_chp
ZG::import_synmethane::methane,756.3964296733409,ZG,import_synmethane::methane,DE-CH,policy_chp
AG::import_syndiesel::diesel,0.0008709177714539909,AG,import_syndiesel::diesel,DE-CH,policy_chp
LU::import_syndiesel::diesel,0.0008709183691890802,LU,import_syndiesel::diesel,DE-CH,policy_chp
FR::import_syndiesel::diesel,0.0008709204698070629,FR,import_syndiesel::diesel,FR-CH,policy_chp
NW_OW::import_syndiesel::diesel,0.0008709192465287034,NW_OW,import_syndiesel::diesel,DE-CH,policy_chp
AI_AR::import_syndiesel::diesel,0.0008709123644777923,AI_AR,import_syndiesel::diesel,DE-CH,policy_chp
JU::import_synmethane::methane,756.7867992639722,JU,import_synmethane::methane,FR-CH,policy_chp
AG::import_synmethane::methane,756.5075015605489,AG,import_synmethane::methane,DE-CH,policy_chp
VD::import_synmethane::methane,756.7266376818743,VD,import_synmethane::methane,FR-CH,policy_chp
SG::import_syndiesel::diesel,0.0008709160648732887,SG,import_syndiesel::diesel,DE-CH,policy_chp
VS::import_syndiesel::diesel,0.0008709201884993275,VS,import_syndiesel::diesel,FR-CH,policy_chp
ZH::import_synmethane::methane,756.2546811275599,ZH,import_synmethane::methane,DE-CH,policy_chp
ZG::import_syndiesel::diesel,0.0008709168612803649,ZG,import_syndiesel::diesel,DE-CH,policy_chp
SH::import_synmethane::methane,756.3627545040003,SH,import_synmethane::methane,DE-CH,policy_chp
GR::import_synmethane::methane,756.4991424206501,GR,import_synmethane::methane,DE-CH,policy_chp
TG::import_syndiesel::diesel,0.0008709149769062061,TG,import_syndiesel::diesel,DE-CH,policy_chp
LU::import_synmethane::methane,756.5820239847354,LU,import_synmethane::methane,DE-CH,policy_chp
TG::import_synmethane::methane,756.3966731603934,TG,import_synmethane::methane,DE-CH,policy_chp
GE::import_syndiesel::diesel,0.0008709194189534942,GE,import_syndiesel::diesel,FR-CH,policy_chp
SG::import_hydrogen::hydrogen,107.80708769656961,SG,import_hydrogen::hydrogen,DE-CH,policy_h2_imports_only
SZ::import_syndiesel::diesel,0.017670024506829446,SZ,import_syndiesel::diesel,DE-CH,policy_h2_imports_only
AI_AR::import_syndiesel::diesel,0.017670024684554666,AI_AR,import_syndiesel::diesel,DE-CH,policy_h2_imports_only
TG::import_hydrogen::hydrogen,142.41271317612382,TG,import_hydrogen::hydrogen,DE-CH,policy_h2_imports_only
SH::import_syndiesel::diesel,0.0176699905289999,SH,import_syndiesel::diesel,DE-CH,policy_h2_imports_only
GR::import_syndiesel::diesel,0.017670023298912388,GR,import_syndiesel::diesel,DE-CH,policy_h2_imports_only
NW_OW::import_hydrogen::hydrogen,17.271323341840027,NW_OW,import_hydrogen::hydrogen,DE-CH,policy_h2_imports_only
ZG::import_syndiesel::diesel,0.01767001938340281,ZG,import_syndiesel::diesel,DE-CH,policy_h2_imports_only
AG::import_hydrogen::hydrogen,144.63350806276523,AG,import_hydrogen::hydrogen,DE-CH,policy_h2_imports_only
UR::import_syndiesel::diesel,0.01767002929971573,UR,import_syndiesel::diesel,DE-CH,policy_h2_imports_only
FR::import_synmethane::methane,330.4874449837962,FR,import_synmethane::methane,FR-CH,policy_h2_imports_only
JU::import_syndiesel::diesel,0.017670029376235262,JU,import_syndiesel::diesel,FR-CH,policy_h2_imports_only
NW_OW::import_syndiesel::diesel,0.01767003125328674,NW_OW,import_syndiesel::diesel,DE-CH,policy_h2_imports_only
SO::import_syndiesel::diesel,0.01767002565205892,SO,import_syndiesel::diesel,DE-CH,policy_h2_imports_only
LU::import_hydrogen::hydrogen,87.54847487283585,LU,import_hydrogen::hydrogen,DE-CH,policy_h2_imports_only
TI::import_syndiesel::diesel,0.017670029301700186,TI,import_syndiesel::diesel,,policy_h2_imports_only
GL::import_hydrogen::hydrogen,8.640954224382632,GL,import_hydrogen::hydrogen,DE-CH,policy_h2_imports_only
NE::import_synmethane::methane,330.4938789559959,NE,import_synmethane::methane,FR-CH,policy_h2_imports_only
SG::import_syndiesel::diesel,0.017670019374732296,SG,import_syndiesel::diesel,DE-CH,policy_h2_imports_only
GR::import_hydrogen::hydrogen,1189.3887315396285,GR,import_hydrogen::hydrogen,DE-CH,policy_h2_imports_only
JU::import_synmethane::methane,330.5424833564655,JU,import_synmethane::methane,FR-CH,policy_h2_imports_only
AI_AR::import_hydrogen::hydrogen,15.31187397506024,AI_AR,import_hydrogen::hydrogen,DE-CH,policy_h2_imports_only
FR::import_syndiesel::diesel,0.01767003630982896,FR,import_syndiesel::diesel,FR-CH,policy_h2_imports_only
UR::import_synmethane::methane,330.33270292348874,UR,import_synmethane::methane,DE-CH,policy_h2_imports_only
AG::import_synmethane::methane,330.37875255684565,AG,import_synmethane::methane,DE-CH,policy_h2_imports_only
ZH::import_syndiesel::diesel,0.017670011060928255,ZH,import_syndiesel::diesel,DE-CH,policy_h2_imports_only
LU::import_synmethane::methane,330.4051821932689,LU,import_synmethane::methane,DE-CH,policy_h2_imports_only
SZ::import_synmethane::methane,330.312184905309,SZ,import_synmethane::methane,DE-CH,policy_h2_imports_only
GE::import_hydrogen::hydrogen,666.7781730842382,GE,import_hydrogen::hydrogen,FR-CH,policy_h2_imports_only
TG::import_synmethane::methane,330.2711603197073,TG,import_synmethane::methane,DE-CH,policy_h2_imports_only
BE::import_syndiesel::diesel,0.017670031146242327,BE,import_syndiesel::diesel,DE-CH,policy_h2_imports_only
NE::import_syndiesel::diesel,0.017670032119240245,NE,import_syndiesel::diesel,FR-CH,policy_h2_imports_only
GR::import_synmethane::methane,330.2575317806986,GR,import_synmethane::methane,DE-CH,policy_h2_imports_only
GE::import_synmethane::methane,330.44877284048823,GE,import_synmethane::methane,FR-CH,policy_h2_imports_only
ZG::import_hydrogen::hydrogen,27.09876452345067,ZG,import_hydrogen::hydrogen,DE-CH,policy_h2_imports_only
SH::import_synmethane::methane,330.2723375081059,SH,import_synmethane::methane,DE-CH,policy_h2_imports_only
SG::import_synmethane::methane,330.20349353956226,SG,import_synmethane::methane,DE-CH,policy_h2_imports_only
TI::import_hydrogen::hydrogen,74.48259665439844,TI,import_hydrogen::hydrogen,,policy_h2_imports_only
GE::import_syndiesel::diesel,0.017670023052872342,GE,import_syndiesel::diesel,FR-CH,policy_h2_imports_only
NW_OW::import_synmethane::methane,330.3912785307659,NW_OW,import_synmethane::methane,DE-CH,policy_h2_imports_only
VS::import_synmethane::methane,330.3608047926894,VS,import_synmethane::methane,FR-CH,policy_h2_imports_only
VD::import_synmethane::methane,330.4261933826115,VD,import_synmethane::methane,FR-CH,policy_h2_imports_only
TI::import_synmethane::methane,330.3104451122461,TI,import_synmethane::methane,,policy_h2_imports_only
VS::import_hydrogen::hydrogen,6314.21656303983,VS,import_hydrogen::hydrogen,FR-CH,policy_h2_imports_only
FR::import_hydrogen::hydrogen,327.3693763965007,FR,import_hydrogen::hydrogen,FR-CH,policy_h2_imports_only
SZ::import_hydrogen::hydrogen,34.19924211560624,SZ,import_hydrogen::hydrogen,DE-CH,policy_h2_imports_only
ZH::import_hydrogen::hydrogen,696.5517389033813,ZH,import_hydrogen::hydrogen,DE-CH,policy_h2_imports_only
BL_BS::import_synmethane::methane,330.4973522064396,BL_BS,import_synmethane::methane,DE-CH,policy_h2_imports_only
BL_BS::import_hydrogen::hydrogen,101.67690772028462,BL_BS,import_hydrogen::hydrogen,DE-CH,policy_h2_imports_only
NE::import_hydrogen::hydrogen,97.27413729662538,NE,import_hydrogen::hydrogen,FR-CH,policy_h2_imports_only
BE::import_synmethane::methane,330.3726900800374,BE,import_synmethane::methane,DE-CH,policy_h2_imports_only
BL_BS::import_syndiesel::diesel,0.017670025124617433,BL_BS,import_syndiesel::diesel,DE-CH,policy_h2_imports_only
ZH::import_synmethane::methane,330.15889177735573,ZH,import_synmethane::methane,DE-CH,policy_h2_imports_only
BE::import_hydrogen::hydrogen,220.92401897633493,BE,import_hydrogen::hydrogen,DE-CH,policy_h2_imports_only
AG::import_syndiesel::diesel,0.017670022224524247,AG,import_syndiesel::diesel,DE-CH,policy_h2_imports_only
LU::import_syndiesel::diesel,0.017670026922516135,LU,import_syndiesel::diesel,DE-CH,policy_h2_imports_only
SH::import_hydrogen::hydrogen,19.737722121284,SH,import_hydrogen::hydrogen,DE-CH,policy_h2_imports_only
TG::import_syndiesel::diesel,0.017670003240698697,TG,import_syndiesel::diesel,DE-CH,policy_h2_imports_only
SO::import_synmethane::methane,330.48285628849254,SO,import_synmethane::methane,DE-CH,policy_h2_imports_only
AI_AR::import_synmethane::methane,330.0096799657664,AI_AR,import_synmethane::methane,DE-CH,policy_h2_imports_only
GL::import_syndiesel::diesel,0.017670024633121187,GL,import_syndiesel::diesel,DE-CH,policy_h2_imports_only
GL::import_synmethane::methane,330.25757899059926,GL,import_synmethane::methane,DE-CH,policy_h2_imports_only
ZG::import_synmethane::methane,330.3344905004476,ZG,import_synmethane::methane,DE-CH,policy_h2_imports_only
UR::import_hydrogen::hydrogen,7.895438902623489,UR,import_hydrogen::hydrogen,DE-CH,policy_h2_imports_only
JU::import_hydrogen::hydrogen,579.8535787702367,JU,import_hydrogen::hydrogen,FR-CH,policy_h2_imports_only
SO::import_hydrogen::hydrogen,58.40224118539798,SO,import_hydrogen::hydrogen,DE-CH,policy_h2_imports_only
VD::import_syndiesel::diesel,0.017670034388009754,VD,import_syndiesel::diesel,FR-CH,policy_h2_imports_only
VD::import_hydrogen::hydrogen,171.6434752509108,VD,import_hydrogen::hydrogen,FR-CH,policy_h2_imports_only
VS::import_syndiesel::diesel,0.017670034256480026,VS,import_syndiesel::diesel,FR-CH,policy_h2_imports_only
SG::import_syndiesel::diesel,0.0,SG,import_syndiesel::diesel,DE-CH,policy_mix
AG::import_natgas::natural_gas,1061.6252545794366,AG,import_natgas::natural_gas,DE-CH,policy_mix
TG::import_syndiesel::diesel,0.0,TG,import_syndiesel::diesel,DE-CH,policy_mix
VS::import_natgas::natural_gas,0.0030432677708175804,VS,import_natgas::natural_gas,FR-CH,policy_mix
SO::import_hydrogen::hydrogen,0.0,SO,import_hydrogen::hydrogen,DE-CH,policy_mix
NW_OW::import_syndiesel::diesel,0.0,NW_OW,import_syndiesel::diesel,DE-CH,policy_mix
ZH::import_syndiesel::diesel,0.0,ZH,import_syndiesel::diesel,DE-CH,policy_mix
NE::import_syndiesel::diesel,0.0,NE,import_syndiesel::diesel,FR-CH,policy_mix
JU::import_syndiesel::diesel,0.0,JU,import_syndiesel::diesel,FR-CH,policy_mix
GL::import_hydrogen::hydrogen,0.0,GL,import_hydrogen::hydrogen,DE-CH,policy_mix
FR::import_syndiesel::diesel,0.0,FR,import_syndiesel::diesel,FR-CH,policy_mix
JU::import_synmethane::methane,0.0,JU,import_synmethane::methane,FR-CH,policy_mix
AI_AR::import_syndiesel::diesel,0.0,AI_AR,import_syndiesel::diesel,DE-CH,policy_mix
VS::import_synmethane::methane,0.0,VS,import_synmethane::methane,FR-CH,policy_mix
BE::import_synmethane::methane,0.0,BE,import_synmethane::methane,DE-CH,policy_mix
JU::import_natgas::natural_gas,0.12633355572642058,JU,import_natgas::natural_gas,FR-CH,policy_mix
VD::import_natgas::natural_gas,0.0658032946428325,VD,import_natgas::natural_gas,FR-CH,policy_mix
ZH::import_hydrogen::hydrogen,0.0,ZH,import_hydrogen::hydrogen,DE-CH,policy_mix
AG::import_hydrogen::hydrogen,0.0,AG,import_hydrogen::hydrogen,DE-CH,policy_mix
NW_OW::import_synmethane::methane,0.0,NW_OW,import_synmethane::methane,DE-CH,policy_mix
LU::import_hydrogen::hydrogen,0.0,LU,import_hydrogen::hydrogen,DE-CH,policy_mix
FR::import_natgas::natural_gas,2124.632903886618,FR,import_natgas::natural_gas,FR-CH,policy_mix
TI::import_hydrogen::hydrogen,0.0,TI,import_hydrogen::hydrogen,,policy_mix
GR::import_natgas::natural_gas,0.010845721242719519,GR,import_natgas::natural_gas,DE-CH,policy_mix
NE::import_hydrogen::hydrogen,0.0,NE,import_hydrogen::hydrogen,FR-CH,policy_mix
AG::import_synmethane::methane,0.0,AG,import_synmethane::methane,DE-CH,policy_mix
FR::import_hydrogen::hydrogen,0.0,FR,import_hydrogen::hydrogen,FR-CH,policy_mix
SG::import_natgas::natural_gas,5641.7731925931,SG,import_natgas::natural_gas,DE-CH,policy_mix
ZH::import_synmethane::methane,0.0,ZH,import_synmethane::methane,DE-CH,policy_mix
SH::import_hydrogen::hydrogen,0.0,SH,import_hydrogen::hydrogen,DE-CH,policy_mix
SZ::import_synmethane::methane,0.0,SZ,import_synmethane::methane,DE-CH,policy_mix
BL_BS::import_hydrogen::hydrogen,0.0,BL_BS,import_hydrogen::hydrogen,DE-CH,policy_mix
VS::import_hydrogen::hydrogen,0.0,VS,import_hydrogen::hydrogen,FR-CH,policy_mix
LU::import_syndiesel::diesel,0.0,LU,import_syndiesel::diesel,DE-CH,policy_mix
SZ::import_syndiesel::diesel,0.0,SZ,import_syndiesel::diesel,DE-CH,policy_mix
BL_BS::import_syndiesel::diesel,0.0,BL_BS,import_syndiesel::diesel,DE-CH,policy_mix
GL::import_synmethane::methane,0.0,GL,import_synmethane::methane,DE-CH,policy_mix
ZH::import_natgas::natural_gas,9507.718458658754,ZH,import_natgas::natural_gas,DE-CH,policy_mix
NW_OW::import_natgas::natural_gas,293.3460987941736,NW_OW,import_natgas::natural_gas,DE-CH,policy_mix
VD::import_hydrogen::hydrogen,0.0,VD,import_hydrogen::hydrogen,FR-CH,policy_mix
SZ::import_natgas::natural_gas,0.2505028097126577,SZ,import_natgas::natural_gas,DE-CH,policy_mix
JU::import_hydrogen::hydrogen,0.0,JU,import_hydrogen::hydrogen,FR-CH,policy_mix
GR::import_hydrogen::hydrogen,0.0,GR,import_hydrogen::hydrogen,DE-CH,policy_mix
SH::import_natgas::natural_gas,0.7290562772949689,SH,import_natgas::natural_gas,DE-CH,policy_mix
SO::import_natgas::natural_gas,0.04479472266597666,SO,import_natgas::natural_gas,DE-CH,policy_mix
BE::import_hydrogen::hydrogen,0.0,BE,import_hydrogen::hydrogen,DE-CH,policy_mix
SO::import_synmethane::methane,0.0,SO,import_synmethane::methane,DE-CH,policy_mix
NE::import_synmethane::methane,0.0,NE,import_synmethane::methane,FR-CH,policy_mix
VS::import_syndiesel::diesel,0.0,VS,import_syndiesel::diesel,FR-CH,policy_mix
ZG::import_natgas::natural_gas,570.6467438347855,ZG,import_natgas::natural_gas,DE-CH,policy_mix
ZG::import_synmethane::methane,0.0,ZG,import_synmethane::methane,DE-CH,policy_mix
NW_OW::import_hydrogen::hydrogen,0.0,NW_OW,import_hydrogen::hydrogen,DE-CH,policy_mix
TI::import_natgas::natural_gas,0.009778551352341064,TI,import_natgas::natural_gas,,policy_mix
BL_BS::import_natgas::natural_gas,0.05708848704377515,BL_BS,import_natgas::natural_gas,DE-CH,policy_mix
TI::import_synmethane::methane,0.0,TI,import_synmethane::methane,,policy_mix
AI_AR::import_natgas::natural_gas,447.4164992336222,AI_AR,import_natgas::natural_gas,DE-CH,policy_mix
GE::import_synmethane::methane,0.0,GE,import_synmethane::methane,FR-CH,policy_mix
GR::import_synmethane::methane,0.0,GR,import_synmethane::methane,DE-CH,policy_mix
GE::import_syndiesel::diesel,0.0,GE,import_syndiesel::diesel,FR-CH,policy_mix
SH::import_syndiesel::diesel,0.0,SH,import_syndiesel::diesel,DE-CH,policy_mix
GE::import_natgas::natural_gas,2930.305258992625,GE,import_natgas::natural_gas,FR-CH,policy_mix
SO::import_syndiesel::diesel,0.0,SO,import_syndiesel::diesel,DE-CH,policy_mix
GE::import_hydrogen::hydrogen,0.0,GE,import_hydrogen::hydrogen,FR-CH,policy_mix
GL::import_syndiesel::diesel,0.0,GL,import_syndiesel::diesel,DE-CH,policy_mix
VD::import_synmethane::methane,0.0,VD,import_synmethane::methane,FR-CH,policy_mix
SG::import_hydrogen::hydrogen,0.0,SG,import_hydrogen::hydrogen,DE-CH,policy_mix
SZ::import_hydrogen::hydrogen,0.0,SZ,import_hydrogen::hydrogen,DE-CH,policy_mix
TG::import_hydrogen::hydrogen,0.0,TG,import_hydrogen::hydrogen,DE-CH,policy_mix
BE::import_syndiesel::diesel,0.0,BE,import_syndiesel::diesel,DE-CH,policy_mix
SH::import_synmethane::methane,0.0,SH,import_synmethane::methane,DE-CH,policy_mix
LU::import_natgas::natural_gas,2340.1532753022984,LU,import_natgas::natural_gas,DE-CH,policy_mix
ZG::import_syndiesel::diesel,0.0,ZG,import_syndiesel::diesel,DE-CH,policy_mix
FR::import_synmethane::methane,0.0,FR,import_synmethane::methane,FR-CH,policy_mix
UR::import_syndiesel::diesel,0.0,UR,import_syndiesel::diesel,DE-CH,policy_mix
BL_BS::import_synmethane::methane,0.0,BL_BS,import_synmethane::methane,DE-CH,policy_mix
SG::import_synmethane::methane,0.0,SG,import_synmethane::methane,DE-CH,policy_mix
TI::import_syndiesel::diesel,0.0,TI,import_syndiesel::diesel,,policy_mix
ZG::import_hydrogen::hydrogen,0.0,ZG,import_hydrogen::hydrogen,DE-CH,policy_mix
UR::import_synmethane::methane,0.0,UR,import_synmethane::methane,DE-CH,policy_mix
NE::import_natgas::natural_gas,463.47025917684493,NE,import_natgas::natural_gas,FR-CH,policy_mix
TG::import_natgas::natural_gas,1534.2332214145263,TG,import_natgas::natural_gas,DE-CH,policy_mix
AI_AR::import_synmethane::methane,0.0,AI_AR,import_synmethane::methane,DE-CH,policy_mix
VD::import_syndiesel::diesel,0.0,VD,import_syndiesel::diesel,FR-CH,policy_mix
AI_AR::import_hydrogen::hydrogen,0.0,AI_AR,import_hydrogen::hydrogen,DE-CH,policy_mix
AG::import_syndiesel::diesel,0.0,AG,import_syndiesel::diesel,DE-CH,policy_mix
UR::import_natgas::natural_gas,0.009374339808721033,UR,import_natgas::natural_gas,DE-CH,policy_mix
BE::import_natgas::natural_gas,0.01735342516554713,BE,import_natgas::natural_gas,DE-CH,policy_mix
GR::import_syndiesel::diesel,0.0,GR,import_syndiesel::diesel,DE-CH,policy_mix
GL::import_natgas::natural_gas,0.09120065903690133,GL,import_natgas::natural_gas,DE-CH,policy_mix
LU::import_synmethane::methane,0.0,LU,import_synmethane::methane,DE-CH,policy_mix
TG::import_synmethane::methane,0.0,TG,import_synmethane::methane,DE-CH,policy_mix
UR::import_hydrogen::hydrogen,0.0,UR,import_hydrogen::hydrogen,DE-CH,policy_mix
NE::import_synmethane::methane,0.0,NE,import_synmethane::methane,FR-CH,policy_remix
VS::import_hydrogen::hydrogen,0.0007188343289907272,VS,import_hydrogen::hydrogen,FR-CH,policy_remix
AG::import_hydrogen::hydrogen,0.000719905370501825,AG,import_hydrogen::hydrogen,DE-CH,policy_remix
SZ::import_synmethane::methane,0.0,SZ,import_synmethane::methane,DE-CH,policy_remix
TG::import_synmethane::methane,0.0,TG,import_synmethane::methane,DE-CH,policy_remix
AG::import_syndiesel::diesel,0.0,AG,import_syndiesel::diesel,DE-CH,policy_remix
ZH::import_hydrogen::hydrogen,0.0007376969918477507,ZH,import_hydrogen::hydrogen,DE-CH,policy_remix
UR::import_synmethane::methane,0.0,UR,import_synmethane::methane,DE-CH,policy_remix
ZG::import_hydrogen::hydrogen,0.0007199179382869672,ZG,import_hydrogen::hydrogen,DE-CH,policy_remix
SO::import_synmethane::methane,0.0,SO,import_synmethane::methane,DE-CH,policy_remix
GL::import_syndiesel::diesel,0.0,GL,import_syndiesel::diesel,DE-CH,policy_remix
AI_AR::import_syndiesel::diesel,0.0,AI_AR,import_syndiesel::diesel,DE-CH,policy_remix
SG::import_synmethane::methane,0.0,SG,import_synmethane::methane,DE-CH,policy_remix
LU::import_synmethane::methane,0.0,LU,import_synmethane::methane,DE-CH,policy_remix
TG::import_syndiesel::diesel,0.0,TG,import_syndiesel::diesel,DE-CH,policy_remix
ZG::import_synmethane::methane,0.0,ZG,import_synmethane::methane,DE-CH,policy_remix
ZH::import_synmethane::methane,0.0,ZH,import_synmethane::methane,DE-CH,policy_remix
AG::import_synmethane::methane,0.0,AG,import_synmethane::methane,DE-CH,policy_remix
SZ::import_syndiesel::diesel,0.0,SZ,import_syndiesel::diesel,DE-CH,policy_remix
SO::import_hydrogen::hydrogen,0.0007200142136750249,SO,import_hydrogen::hydrogen,DE-CH,policy_remix
BE::import_hydrogen::hydrogen,0.0007266953293166011,BE,import_hydrogen::hydrogen,DE-CH,policy_remix
BE::import_syndiesel::diesel,0.0,BE,import_syndiesel::diesel,DE-CH,policy_remix
AI_AR::import_synmethane::methane,0.0,AI_AR,import_synmethane::methane,DE-CH,policy_remix
GL::import_hydrogen::hydrogen,0.0007204515687376389,GL,import_hydrogen::hydrogen,DE-CH,policy_remix
GE::import_synmethane::methane,0.0,GE,import_synmethane::methane,FR-CH,policy_remix
BL_BS::import_hydrogen::hydrogen,0.0007180671890566796,BL_BS,import_hydrogen::hydrogen,DE-CH,policy_remix
SG::import_hydrogen::hydrogen,0.0007273850240907037,SG,import_hydrogen::hydrogen,DE-CH,policy_remix
SZ::import_hydrogen::hydrogen,0.0007209383622656045,SZ,import_hydrogen::hydrogen,DE-CH,policy_remix
VS::import_synmethane::methane,0.0,VS,import_synmethane::methane,FR-CH,policy_remix
ZG::import_syndiesel::diesel,0.0,ZG,import_syndiesel::diesel,DE-CH,policy_remix
SO::import_syndiesel::diesel,0.0,SO,import_syndiesel::diesel,DE-CH,policy_remix
JU::import_synmethane::methane,0.0,JU,import_synmethane::methane,FR-CH,policy_remix
UR::import_syndiesel::diesel,0.0,UR,import_syndiesel::diesel,DE-CH,policy_remix
VD::import_syndiesel::diesel,0.0,VD,import_syndiesel::diesel,FR-CH,policy_remix
VD::import_synmethane::methane,0.0,VD,import_synmethane::methane,FR-CH,policy_remix
GR::import_synmethane::methane,0.0,GR,import_synmethane::methane,DE-CH,policy_remix
JU::import_syndiesel::diesel,0.0,JU,import_syndiesel::diesel,FR-CH,policy_remix
BL_BS::import_syndiesel::diesel,0.0,BL_BS,import_syndiesel::diesel,DE-CH,policy_remix
JU::import_hydrogen::hydrogen,0.0007122090505324759,JU,import_hydrogen::hydrogen,FR-CH,policy_remix
TI::import_hydrogen::hydrogen,0.0007131863017858769,TI,import_hydrogen::hydrogen,,policy_remix
BL_BS::import_synmethane::methane,0.0,BL_BS,import_synmethane::methane,DE-CH,policy_remix
NW_OW::import_hydrogen::hydrogen,0.0007181575088005575,NW_OW,import_hydrogen::hydrogen,DE-CH,policy_remix
GL::import_synmethane::methane,0.0,GL,import_synmethane::methane,DE-CH,policy_remix
SG::import_syndiesel::diesel,0.0,SG,import_syndiesel::diesel,DE-CH,policy_remix
LU::import_hydrogen::hydrogen,0.0007256236594594702,LU,import_hydrogen::hydrogen,DE-CH,policy_remix
GR::import_hydrogen::hydrogen,0.0006757811644836138,GR,import_hydrogen::hydrogen,DE-CH,policy_remix
AI_AR::import_hydrogen::hydrogen,0.0007248942173113202,AI_AR,import_hydrogen::hydrogen,DE-CH,policy_remix
TI::import_syndiesel::diesel,0.0,TI,import_syndiesel::diesel,,policy_remix
NE::import_hydrogen::hydrogen,0.0007210355434698488,NE,import_hydrogen::hydrogen,FR-CH,policy_remix
GR::import_syndiesel::diesel,0.0,GR,import_syndiesel::diesel,DE-CH,policy_remix
FR::import_hydrogen::hydrogen,0.0007316448983079374,FR,import_hydrogen::hydrogen,FR-CH,policy_remix
LU::import_syndiesel::diesel,0.0,LU,import_syndiesel::diesel,DE-CH,policy_remix
VD::import_hydrogen::hydrogen,0.0007281072521751781,VD,import_hydrogen::hydrogen,FR-CH,policy_remix
SH::import_hydrogen::hydrogen,0.0007305744092060452,SH,import_hydrogen::hydrogen,DE-CH,policy_remix
TI::import_synmethane::methane,0.0,TI,import_synmethane::methane,,policy_remix
BE::import_synmethane::methane,0.0,BE,import_synmethane::methane,DE-CH,policy_remix
FR::import_syndiesel::diesel,0.0,FR,import_syndiesel::diesel,FR-CH,policy_remix
ZH::import_syndiesel::diesel,0.0,ZH,import_syndiesel::diesel,DE-CH,policy_remix
NW_OW::import_synmethane::methane,0.0,NW_OW,import_synmethane::methane,DE-CH,policy_remix
TG::import_hydrogen::hydrogen,0.0007355676115817567,TG,import_hydrogen::hydrogen,DE-CH,policy_remix
FR::import_synmethane::methane,0.0,FR,import_synmethane::methane,FR-CH,policy_remix
NW_OW::import_syndiesel::diesel,0.0,NW_OW,import_syndiesel::diesel,DE-CH,policy_remix
SH::import_syndiesel::diesel,0.0,SH,import_syndiesel::diesel,DE-CH,policy_remix
GE::import_hydrogen::hydrogen,0.0007220160146335163,GE,import_hydrogen::hydrogen,FR-CH,policy_remix
VS::import_syndiesel::diesel,0.0,VS,import_syndiesel::diesel,FR-CH,policy_remix
SH::import_synmethane::methane,0.0,SH,import_synmethane::methane,DE-CH,policy_remix
UR::import_hydrogen::hydrogen,0.0007182768784786891,UR,import_hydrogen::hydrogen,DE-CH,policy_remix
GE::import_syndiesel::diesel,0.0,GE,import_syndiesel::diesel,FR-CH,policy_remix
NE::import_syndiesel::diesel,0.0,NE,import_syndiesel::diesel,FR-CH,policy_remix
NE::import_synmethane::methane,470.4832503625117,NE,import_synmethane::methane,FR-CH,policy_roof_pv
SG::import_synmethane::methane,470.25468184727254,SG,import_synmethane::methane,DE-CH,policy_roof_pv
TI::import_synmethane::methane,470.3809191892205,TI,import_synmethane::methane,,policy_roof_pv
SO::import_syndiesel::diesel,302.6992770697261,SO,import_syndiesel::diesel,DE-CH,policy_roof_pv
TG::import_syndiesel::diesel,302.6971328454259,TG,import_syndiesel::diesel,DE-CH,policy_roof_pv
FR::import_synmethane::methane,470.5176286458441,FR,import_synmethane::methane,FR-CH,policy_roof_pv
AI_AR::import_synmethane::methane,470.231343242767,AI_AR,import_synmethane::methane,DE-CH,policy_roof_pv
TG::import_synmethane::methane,470.1487961813444,TG,import_synmethane::methane,DE-CH,policy_roof_pv
UR::import_syndiesel::diesel,302.7069176404988,UR,import_syndiesel::diesel,DE-CH,policy_roof_pv
GE::import_synmethane::methane,470.4751937138533,GE,import_synmethane::methane,FR-CH,policy_roof_pv
SZ::import_syndiesel::diesel,302.70470959450427,SZ,import_syndiesel::diesel,DE-CH,policy_roof_pv
AG::import_synmethane::methane,470.2990027939374,AG,import_synmethane::methane,DE-CH,policy_roof_pv
LU::import_synmethane::methane,470.3063115125039,LU,import_synmethane::methane,DE-CH,policy_roof_pv
AG::import_syndiesel::diesel,302.6998187514779,AG,import_syndiesel::diesel,DE-CH,policy_roof_pv
VS::import_synmethane::methane,470.47437890963135,VS,import_synmethane::methane,FR-CH,policy_roof_pv
ZH::import_syndiesel::diesel,302.6991490761859,ZH,import_syndiesel::diesel,DE-CH,policy_roof_pv
UR::import_synmethane::methane,470.39966259353906,UR,import_synmethane::methane,DE-CH,policy_roof_pv
NE::import_syndiesel::diesel,302.7030287656065,NE,import_syndiesel::diesel,FR-CH,policy_roof_pv
GE::import_syndiesel::diesel,302.70208490792686,GE,import_syndiesel::diesel,FR-CH,policy_roof_pv
BE::import_syndiesel::diesel,302.70369277320856,BE,import_syndiesel::diesel,DE-CH,policy_roof_pv
FR::import_syndiesel::diesel,302.7052375032397,FR,import_syndiesel::diesel,FR-CH,policy_roof_pv
VD::import_syndiesel::diesel,302.7056641443512,VD,import_syndiesel::diesel,FR-CH,policy_roof_pv
ZG::import_syndiesel::diesel,302.70076023916226,ZG,import_syndiesel::diesel,DE-CH,policy_roof_pv
ZH::import_synmethane::methane,470.08270953352354,ZH,import_synmethane::methane,DE-CH,policy_roof_pv
SO::import_synmethane::methane,470.3951598321712,SO,import_synmethane::methane,DE-CH,policy_roof_pv
SG::import_syndiesel::diesel,302.7064041300249,SG,import_syndiesel::diesel,DE-CH,policy_roof_pv
BL_BS::import_synmethane::methane,470.3906897803788,BL_BS,import_synmethane::methane,DE-CH,policy_roof_pv
JU::import_synmethane::methane,470.4016975055306,JU,import_synmethane::methane,FR-CH,policy_roof_pv
SH::import_syndiesel::diesel,302.69140823503324,SH,import_syndiesel::diesel,DE-CH,policy_roof_pv
GL::import_syndiesel::diesel,302.7076570761585,GL,import_syndiesel::diesel,DE-CH,policy_roof_pv
NW_OW::import_synmethane::methane,470.4169396093631,NW_OW,import_synmethane::methane,DE-CH,policy_roof_pv
LU::import_syndiesel::diesel,302.701439474236,LU,import_syndiesel::diesel,DE-CH,policy_roof_pv
GL::import_synmethane::methane,470.3420029236113,GL,import_synmethane::methane,DE-CH,policy_roof_pv
BL_BS::import_syndiesel::diesel,302.69824611246906,BL_BS,import_syndiesel::diesel,DE-CH,policy_roof_pv
NW_OW::import_syndiesel::diesel,302.70545835655423,NW_OW,import_syndiesel::diesel,DE-CH,policy_roof_pv
VS::import_syndiesel::diesel,302.7080213125879,VS,import_syndiesel::diesel,FR-CH,policy_roof_pv
AI_AR::import_syndiesel::diesel,302.7182502645598,AI_AR,import_syndiesel::diesel,DE-CH,policy_roof_pv
SH::import_synmethane::methane,470.0612074249361,SH,import_synmethane::methane,DE-CH,policy_roof_pv
SZ::import_synmethane::methane,470.33121449574884,SZ,import_synmethane::methane,DE-CH,policy_roof_pv
GR::import_synmethane::methane,470.2984922878507,GR,import_synmethane::methane,DE-CH,policy_roof_pv
GR::import_syndiesel::diesel,302.706816668858,GR,import_syndiesel::diesel,DE-CH,policy_roof_pv
BE::import_synmethane::methane,470.3815636226394,BE,import_synmethane::methane,DE-CH,policy_roof_pv
JU::import_syndiesel::diesel,302.698953058441,JU,import_syndiesel::diesel,FR-CH,policy_roof_pv
TI::import_syndiesel::diesel,302.70778432789484,TI,import_syndiesel::diesel,,policy_roof_pv
ZG::import_synmethane::methane,470.27455648663636,ZG,import_synmethane::methane,DE-CH,policy_roof_pv
VD::import_synmethane::methane,470.50217032090825,VD,import_synmethane::methane,FR-CH,policy_roof_pv
FR::import_natgas::natural_gas,2400.671982878593,FR,import_natgas::natural_gas,FR-CH,policy_sccgt_daccs
GR::import_syndiesel::diesel,0.0,GR,import_syndiesel::diesel,DE-CH,policy_sccgt_daccs
LU::import_synmethane::methane,0.0,LU,import_synmethane::methane,DE-CH,policy_sccgt_daccs
VS::import_natgas::natural_gas,0.024639166507362857,VS,import_natgas::natural_gas,FR-CH,policy_sccgt_daccs
VS::import_synmethane::methane,0.0,VS,import_synmethane::methane,FR-CH,policy_sccgt_daccs
TI::import_natgas::natural_gas,0.08813763811954795,TI,import_natgas::natural_gas,,policy_sccgt_daccs
BE::import_syndiesel::diesel,0.0,BE,import_syndiesel::diesel,DE-CH,policy_sccgt_daccs
SZ::import_natgas::natural_gas,0.9367880236257176,SZ,import_natgas::natural_gas,DE-CH,policy_sccgt_daccs
ZG::import_syndiesel::diesel,0.0,ZG,import_syndiesel::diesel,DE-CH,policy_sccgt_daccs
AI_AR::import_syndiesel::diesel,0.0,AI_AR,import_syndiesel::diesel,DE-CH,policy_sccgt_daccs
AI_AR::import_synmethane::methane,0.0,AI_AR,import_synmethane::methane,DE-CH,policy_sccgt_daccs
GE::import_natgas::natural_gas,3080.3813265029776,GE,import_natgas::natural_gas,FR-CH,policy_sccgt_daccs
NW_OW::import_natgas::natural_gas,292.17959969275296,NW_OW,import_natgas::natural_gas,DE-CH,policy_sccgt_daccs
BL_BS::import_natgas::natural_gas,178.86205235873615,BL_BS,import_natgas::natural_gas,DE-CH,policy_sccgt_daccs
SZ::import_syndiesel::diesel,0.0,SZ,import_syndiesel::diesel,DE-CH,policy_sccgt_daccs
FR::import_synmethane::methane,0.0,FR,import_synmethane::methane,FR-CH,policy_sccgt_daccs
FR::import_syndiesel::diesel,0.0,FR,import_syndiesel::diesel,FR-CH,policy_sccgt_daccs
AG::import_synmethane::methane,0.0,AG,import_synmethane::methane,DE-CH,policy_sccgt_daccs
TI::import_synmethane::methane,0.0,TI,import_synmethane::methane,,policy_sccgt_daccs
GR::import_natgas::natural_gas,0.11695452755947539,GR,import_natgas::natural_gas,DE-CH,policy_sccgt_daccs
ZH::import_syndiesel::diesel,0.0,ZH,import_syndiesel::diesel,DE-CH,policy_sccgt_daccs
BL_BS::import_syndiesel::diesel,0.0,BL_BS,import_syndiesel::diesel,DE-CH,policy_sccgt_daccs
ZH::import_natgas::natural_gas,10514.37921420395,ZH,import_natgas::natural_gas,DE-CH,policy_sccgt_daccs
SO::import_natgas::natural_gas,0.7912432045098488,SO,import_natgas::natural_gas,DE-CH,policy_sccgt_daccs
GL::import_synmethane::methane,0.0,GL,import_synmethane::methane,DE-CH,policy_sccgt_daccs
BL_BS::import_synmethane::methane,0.0,BL_BS,import_synmethane::methane,DE-CH,policy_sccgt_daccs
VD::import_natgas::natural_gas,548.5716590339498,VD,import_natgas::natural_gas,FR-CH,policy_sccgt_daccs
SO::import_synmethane::methane,0.0,SO,import_synmethane::methane,DE-CH,policy_sccgt_daccs
SZ::import_synmethane::methane,0.0,SZ,import_synmethane::methane,DE-CH,policy_sccgt_daccs
GL::import_natgas::natural_gas,6.910917409975548,GL,import_natgas::natural_gas,DE-CH,policy_sccgt_daccs
VS::import_syndiesel::diesel,0.0,VS,import_syndiesel::diesel,FR-CH,policy_sccgt_daccs
ZG::import_synmethane::methane,0.0,ZG,import_synmethane::methane,DE-CH,policy_sccgt_daccs
NE::import_syndiesel::diesel,0.0,NE,import_syndiesel::diesel,FR-CH,policy_sccgt_daccs
TG::import_synmethane::methane,0.0,TG,import_synmethane::methane,DE-CH,policy_sccgt_daccs
NE::import_natgas::natural_gas,646.6859283672642,NE,import_natgas::natural_gas,FR-CH,policy_sccgt_daccs
BE::import_synmethane::methane,0.0,BE,import_synmethane::methane,DE-CH,policy_sccgt_daccs
TG::import_syndiesel::diesel,0.0,TG,import_syndiesel::diesel,DE-CH,policy_sccgt_daccs
ZG::import_natgas::natural_gas,724.611334910664,ZG,import_natgas::natural_gas,DE-CH,policy_sccgt_daccs
UR::import_synmethane::methane,0.0,UR,import_synmethane::methane,DE-CH,policy_sccgt_daccs
AI_AR::import_natgas::natural_gas,451.00054723930305,AI_AR,import_natgas::natural_gas,DE-CH,policy_sccgt_daccs
LU::import_natgas::natural_gas,2914.753664229482,LU,import_natgas::natural_gas,DE-CH,policy_sccgt_daccs
JU::import_natgas::natural_gas,322.7334641911457,JU,import_natgas::natural_gas,FR-CH,policy_sccgt_daccs
SG::import_synmethane::methane,0.0,SG,import_synmethane::methane,DE-CH,policy_sccgt_daccs
TI::import_syndiesel::diesel,0.0,TI,import_syndiesel::diesel,,policy_sccgt_daccs
GL::import_syndiesel::diesel,0.0,GL,import_syndiesel::diesel,DE-CH,policy_sccgt_daccs
AG::import_syndiesel::diesel,0.0,AG,import_syndiesel::diesel,DE-CH,policy_sccgt_daccs
SO::import_syndiesel::diesel,0.0,SO,import_syndiesel::diesel,DE-CH,policy_sccgt_daccs
NE::import_synmethane::methane,0.0,NE,import_synmethane::methane,FR-CH,policy_sccgt_daccs
SG::import_syndiesel::diesel,0.0,SG,import_syndiesel::diesel,DE-CH,policy_sccgt_daccs
GE::import_syndiesel::diesel,0.0,GE,import_syndiesel::diesel,FR-CH,policy_sccgt_daccs
SH::import_synmethane::methane,0.0,SH,import_synmethane::methane,DE-CH,policy_sccgt_daccs
UR::import_syndiesel::diesel,0.0,UR,import_syndiesel::diesel,DE-CH,policy_sccgt_daccs
JU::import_syndiesel::diesel,0.0,JU,import_syndiesel::diesel,FR-CH,policy_sccgt_daccs
JU::import_synmethane::methane,0.0,JU,import_synmethane::methane,FR-CH,policy_sccgt_daccs
SG::import_natgas::natural_gas,5587.104591467655,SG,import_natgas::natural_gas,DE-CH,policy_sccgt_daccs
UR::import_natgas::natural_gas,0.0894729227612043,UR,import_natgas::natural_gas,DE-CH,policy_sccgt_daccs
ZH::import_synmethane::methane,0.0,ZH,import_synmethane::methane,DE-CH,policy_sccgt_daccs
VD::import_syndiesel::diesel,0.0,VD,import_syndiesel::diesel,FR-CH,policy_sccgt_daccs
TG::import_natgas::natural_gas,1923.197371571935,TG,import_natgas::natural_gas,DE-CH,policy_sccgt_daccs
AG::import_natgas::natural_gas,1936.1238960281044,AG,import_natgas::natural_gas,DE-CH,policy_sccgt_daccs
VD::import_synmethane::methane,0.0,VD,import_synmethane::methane,FR-CH,policy_sccgt_daccs
GR::import_synmethane::methane,0.0,GR,import_synmethane::methane,DE-CH,policy_sccgt_daccs
BE::import_natgas::natural_gas,0.16824931866871662,BE,import_natgas::natural_gas,DE-CH,policy_sccgt_daccs
LU::import_syndiesel::diesel,0.0,LU,import_syndiesel::diesel,DE-CH,policy_sccgt_daccs
GE::import_synmethane::methane,0.0,GE,import_synmethane::methane,FR-CH,policy_sccgt_daccs
NW_OW::import_syndiesel::diesel,0.0,NW_OW,import_syndiesel::diesel,DE-CH,policy_sccgt_daccs
SH::import_syndiesel::diesel,0.0,SH,import_syndiesel::diesel,DE-CH,policy_sccgt_daccs
NW_OW::import_synmethane::methane,0.0,NW_OW,import_synmethane::methane,DE-CH,policy_sccgt_daccs
SH::import_natgas::natural_gas,290.7963599936634,SH,import_natgas::natural_gas,DE-CH,policy_sccgt_daccs
AI_AR::import_synmethane::methane,0.0,AI_AR,import_synmethane::methane,DE-CH,policy_sccgt_no_h2
NW_OW::import_syndiesel::diesel,0.0,NW_OW,import_syndiesel::diesel,DE-CH,policy_sccgt_no_h2
BE::import_synmethane::methane,0.0,BE,import_synmethane::methane,DE-CH,policy_sccgt_no_h2
GL::import_synmethane::methane,0.0,GL,import_synmethane::methane,DE-CH,policy_sccgt_no_h2
BL_BS::import_synmethane::methane,0.0,BL_BS,import_synmethane::methane,DE-CH,policy_sccgt_no_h2
LU::import_syndiesel::diesel,0.0,LU,import_syndiesel::diesel,DE-CH,policy_sccgt_no_h2
NW_OW::import_synmethane::methane,0.0,NW_OW,import_synmethane::methane,DE-CH,policy_sccgt_no_h2
AG::import_syndiesel::diesel,0.0,AG,import_syndiesel::diesel,DE-CH,policy_sccgt_no_h2
LU::import_synmethane::methane,0.0,LU,import_synmethane::methane,DE-CH,policy_sccgt_no_h2
SH::import_syndiesel::diesel,0.0,SH,import_syndiesel::diesel,DE-CH,policy_sccgt_no_h2
VS::import_synmethane::methane,0.0,VS,import_synmethane::methane,FR-CH,policy_sccgt_no_h2
FR::import_synmethane::methane,0.0,FR,import_synmethane::methane,FR-CH,policy_sccgt_no_h2
SZ::import_synmethane::methane,0.0,SZ,import_synmethane::methane,DE-CH,policy_sccgt_no_h2
NE::import_synmethane::methane,0.0,NE,import_synmethane::methane,FR-CH,policy_sccgt_no_h2
ZH::import_syndiesel::diesel,0.0,ZH,import_syndiesel::diesel,DE-CH,policy_sccgt_no_h2
VD::import_syndiesel::diesel,0.0,VD,import_syndiesel::diesel,FR-CH,policy_sccgt_no_h2
GR::import_synmethane::methane,0.0,GR,import_synmethane::methane,DE-CH,policy_sccgt_no_h2
BE::import_syndiesel::diesel,0.0,BE,import_syndiesel::diesel,DE-CH,policy_sccgt_no_h2
AI_AR::import_syndiesel::diesel,0.0,AI_AR,import_syndiesel::diesel,DE-CH,policy_sccgt_no_h2
SO::import_synmethane::methane,0.0,SO,import_synmethane::methane,DE-CH,policy_sccgt_no_h2
SG::import_synmethane::methane,0.0,SG,import_synmethane::methane,DE-CH,policy_sccgt_no_h2
FR::import_syndiesel::diesel,0.0,FR,import_syndiesel::diesel,FR-CH,policy_sccgt_no_h2
SZ::import_syndiesel::diesel,0.0,SZ,import_syndiesel::diesel,DE-CH,policy_sccgt_no_h2
GR::import_syndiesel::diesel,0.0,GR,import_syndiesel::diesel,DE-CH,policy_sccgt_no_h2
ZH::import_synmethane::methane,0.0,ZH,import_synmethane::methane,DE-CH,policy_sccgt_no_h2
SO::import_syndiesel::diesel,0.0,SO,import_syndiesel::diesel,DE-CH,policy_sccgt_no_h2
TG::import_syndiesel::diesel,0.0,TG,import_syndiesel::diesel,DE-CH,policy_sccgt_no_h2
UR::import_synmethane::methane,0.0,UR,import_synmethane::methane,DE-CH,policy_sccgt_no_h2
AG::import_synmethane::methane,0.0,AG,import_synmethane::methane,DE-CH,policy_sccgt_no_h2
TI::import_synmethane::methane,0.0,TI,import_synmethane::methane,,policy_sccgt_no_h2
JU::import_syndiesel::diesel,0.0,JU,import_syndiesel::diesel,FR-CH,policy_sccgt_no_h2
JU::import_synmethane::methane,0.0,JU,import_synmethane::methane,FR-CH,policy_sccgt_no_h2
GE::import_syndiesel::diesel,0.0,GE,import_syndiesel::diesel,FR-CH,policy_sccgt_no_h2
BL_BS::import_syndiesel::diesel,0.0,BL_BS,import_syndiesel::diesel,DE-CH,policy_sccgt_no_h2
ZG::import_syndiesel::diesel,0.0,ZG,import_syndiesel::diesel,DE-CH,policy_sccgt_no_h2
TI::import_syndiesel::diesel,0.0,TI,import_syndiesel::diesel,,policy_sccgt_no_h2
NE::import_syndiesel::diesel,0.0,NE,import_syndiesel::diesel,FR-CH,policy_sccgt_no_h2
ZG::import_synmethane::methane,0.0,ZG,import_synmethane::methane,DE-CH,policy_sccgt_no_h2
GL::import_syndiesel::diesel,0.0,GL,import_syndiesel::diesel,DE-CH,policy_sccgt_no_h2
VS::import_syndiesel::diesel,0.0,VS,import_syndiesel::diesel,FR-CH,policy_sccgt_no_h2
UR::import_syndiesel::diesel,0.0,UR,import_syndiesel::diesel,DE-CH,policy_sccgt_no_h2
TG::import_synmethane::methane,0.0,TG,import_synmethane::methane,DE-CH,policy_sccgt_no_h2
VD::import_synmethane::methane,0.0,VD,import_synmethane::methane,FR-CH,policy_sccgt_no_h2
GE::import_synmethane::methane,0.0,GE,import_synmethane::methane,FR-CH,policy_sccgt_no_h2
SH::import_synmethane::methane,0.0,SH,import_synmethane::methane,DE-CH,policy_sccgt_no_h2
SG::import_syndiesel::diesel,0.0,SG,import_syndiesel::diesel,DE-CH,policy_sccgt_no_h2
SZ::import_syndiesel::diesel,0.0,SZ,import_syndiesel::diesel,DE-CH,policy_sccgt_plus_h2
GR::import_syndiesel::diesel,0.0,GR,import_syndiesel::diesel,DE-CH,policy_sccgt_plus_h2
AI_AR::import_synmethane::methane,0.0,AI_AR,import_synmethane::methane,DE-CH,policy_sccgt_plus_h2
ZH::import_synmethane::methane,0.0,ZH,import_synmethane::methane,DE-CH,policy_sccgt_plus_h2
GE::import_syndiesel::diesel,0.0,GE,import_syndiesel::diesel,FR-CH,policy_sccgt_plus_h2
JU::import_synmethane::methane,0.0,JU,import_synmethane::methane,FR-CH,policy_sccgt_plus_h2
JU::import_syndiesel::diesel,0.0,JU,import_syndiesel::diesel,FR-CH,policy_sccgt_plus_h2
TG::import_hydrogen::hydrogen,0.0006460502751118933,TG,import_hydrogen::hydrogen,DE-CH,policy_sccgt_plus_h2
VD::import_hydrogen::hydrogen,0.0006322684331388258,VD,import_hydrogen::hydrogen,FR-CH,policy_sccgt_plus_h2
NE::import_hydrogen::hydrogen,0.0006413013512377193,NE,import_hydrogen::hydrogen,FR-CH,policy_sccgt_plus_h2
NE::import_syndiesel::diesel,0.0,NE,import_syndiesel::diesel,FR-CH,policy_sccgt_plus_h2
LU::import_syndiesel::diesel,0.0,LU,import_syndiesel::diesel,DE-CH,policy_sccgt_plus_h2
VS::import_synmethane::methane,0.0,VS,import_synmethane::methane,FR-CH,policy_sccgt_plus_h2
TI::import_syndiesel::diesel,0.0,TI,import_syndiesel::diesel,,policy_sccgt_plus_h2
SZ::import_hydrogen::hydrogen,0.000623917062075177,SZ,import_hydrogen::hydrogen,DE-CH,policy_sccgt_plus_h2
ZH::import_syndiesel::diesel,0.0,ZH,import_syndiesel::diesel,DE-CH,policy_sccgt_plus_h2
BL_BS::import_synmethane::methane,0.0,BL_BS,import_synmethane::methane,DE-CH,policy_sccgt_plus_h2
SG::import_hydrogen::hydrogen,0.0006333368185281062,SG,import_hydrogen::hydrogen,DE-CH,policy_sccgt_plus_h2
SO::import_hydrogen::hydrogen,0.0006384551320633718,SO,import_hydrogen::hydrogen,DE-CH,policy_sccgt_plus_h2
SH::import_syndiesel::diesel,0.0,SH,import_syndiesel::diesel,DE-CH,policy_sccgt_plus_h2
SG::import_synmethane::methane,0.0,SG,import_synmethane::methane,DE-CH,policy_sccgt_plus_h2
BE::import_hydrogen::hydrogen,0.000590290566711258,BE,import_hydrogen::hydrogen,DE-CH,policy_sccgt_plus_h2
FR::import_hydrogen::hydrogen,0.0006765980687642555,FR,import_hydrogen::hydrogen,FR-CH,policy_sccgt_plus_h2
ZG::import_hydrogen::hydrogen,0.0006159680087883415,ZG,import_hydrogen::hydrogen,DE-CH,policy_sccgt_plus_h2
BE::import_synmethane::methane,0.0,BE,import_synmethane::methane,DE-CH,policy_sccgt_plus_h2
ZH::import_hydrogen::hydrogen,0.0005356986898046034,ZH,import_hydrogen::hydrogen,DE-CH,policy_sccgt_plus_h2
BE::import_syndiesel::diesel,0.0,BE,import_syndiesel::diesel,DE-CH,policy_sccgt_plus_h2
GL::import_synmethane::methane,0.0,GL,import_synmethane::methane,DE-CH,policy_sccgt_plus_h2
BL_BS::import_hydrogen::hydrogen,0.0006211064900527793,BL_BS,import_hydrogen::hydrogen,DE-CH,policy_sccgt_plus_h2
GL::import_hydrogen::hydrogen,0.0005901439840832692,GL,import_hydrogen::hydrogen,DE-CH,policy_sccgt_plus_h2
LU::import_synmethane::methane,0.0,LU,import_synmethane::methane,DE-CH,policy_sccgt_plus_h2
NW_OW::import_synmethane::methane,0.0,NW_OW,import_synmethane::methane,DE-CH,policy_sccgt_plus_h2
JU::import_hydrogen::hydrogen,0.000608654762211753,JU,import_hydrogen::hydrogen,FR-CH,policy_sccgt_plus_h2
GL::import_syndiesel::diesel,0.0,GL,import_syndiesel::diesel,DE-CH,policy_sccgt_plus_h2
AG::import_syndiesel::diesel,0.0,AG,import_syndiesel::diesel,DE-CH,policy_sccgt_plus_h2
TG::import_syndiesel::diesel,0.0,TG,import_syndiesel::diesel,DE-CH,policy_sccgt_plus_h2
TI::import_hydrogen::hydrogen,0.0006101574397834683,TI,import_hydrogen::hydrogen,,policy_sccgt_plus_h2
NW_OW::import_hydrogen::hydrogen,0.0006065325563285758,NW_OW,import_hydrogen::hydrogen,DE-CH,policy_sccgt_plus_h2
SZ::import_synmethane::methane,0.0,SZ,import_synmethane::methane,DE-CH,policy_sccgt_plus_h2
FR::import_synmethane::methane,0.0,FR,import_synmethane::methane,FR-CH,policy_sccgt_plus_h2
SO::import_synmethane::methane,0.0,SO,import_synmethane::methane,DE-CH,policy_sccgt_plus_h2
AG::import_synmethane::methane,0.0,AG,import_synmethane::methane,DE-CH,policy_sccgt_plus_h2
AI_AR::import_syndiesel::diesel,0.0,AI_AR,import_syndiesel::diesel,DE-CH,policy_sccgt_plus_h2
LU::import_hydrogen::hydrogen,0.000631320662313931,LU,import_hydrogen::hydrogen,DE-CH,policy_sccgt_plus_h2
ZG::import_synmethane::methane,0.0,ZG,import_synmethane::methane,DE-CH,policy_sccgt_plus_h2
FR::import_syndiesel::diesel,0.0,FR,import_syndiesel::diesel,FR-CH,policy_sccgt_plus_h2
NW_OW::import_syndiesel::diesel,0.0,NW_OW,import_syndiesel::diesel,DE-CH,policy_sccgt_plus_h2
GR::import_synmethane::methane,0.0,GR,import_synmethane::methane,DE-CH,policy_sccgt_plus_h2
VS::import_hydrogen::hydrogen,0.0006499894313253514,VS,import_hydrogen::hydrogen,FR-CH,policy_sccgt_plus_h2
VS::import_syndiesel::diesel,0.0,VS,import_syndiesel::diesel,FR-CH,policy_sccgt_plus_h2
NE::import_synmethane::methane,0.0,NE,import_synmethane::methane,FR-CH,policy_sccgt_plus_h2
UR::import_synmethane::methane,0.0,UR,import_synmethane::methane,DE-CH,policy_sccgt_plus_h2
GR::import_hydrogen::hydrogen,0.0005824853660881186,GR,import_hydrogen::hydrogen,DE-CH,policy_sccgt_plus_h2
BL_BS::import_syndiesel::diesel,0.0,BL_BS,import_syndiesel::diesel,DE-CH,policy_sccgt_plus_h2
TI::import_synmethane::methane,0.0,TI,import_synmethane::methane,,policy_sccgt_plus_h2
VD::import_syndiesel::diesel,0.0,VD,import_syndiesel::diesel,FR-CH,policy_sccgt_plus_h2
ZG::import_syndiesel::diesel,0.0,ZG,import_syndiesel::diesel,DE-CH,policy_sccgt_plus_h2
AI_AR::import_hydrogen::hydrogen,0.0006150682521001169,AI_AR,import_hydrogen::hydrogen,DE-CH,policy_sccgt_plus_h2
UR::import_hydrogen::hydrogen,0.0005808382721545044,UR,import_hydrogen::hydrogen,DE-CH,policy_sccgt_plus_h2
SO::import_syndiesel::diesel,0.0,SO,import_syndiesel::diesel,DE-CH,policy_sccgt_plus_h2
GE::import_synmethane::methane,0.0,GE,import_synmethane::methane,FR-CH,policy_sccgt_plus_h2
SH::import_hydrogen::hydrogen,0.0006308970123165634,SH,import_hydrogen::hydrogen,DE-CH,policy_sccgt_plus_h2
SG::import_syndiesel::diesel,0.0,SG,import_syndiesel::diesel,DE-CH,policy_sccgt_plus_h2
TG::import_synmethane::methane,0.0,TG,import_synmethane::methane,DE-CH,policy_sccgt_plus_h2
UR::import_syndiesel::diesel,0.0,UR,import_syndiesel::diesel,DE-CH,policy_sccgt_plus_h2
VD::import_synmethane::methane,0.0,VD,import_synmethane::methane,FR-CH,policy_sccgt_plus_h2
AG::import_hydrogen::hydrogen,0.0005926681584871685,AG,import_hydrogen::hydrogen,DE-CH,policy_sccgt_plus_h2
GE::import_hydrogen::hydrogen,0.0006481057047033067,GE,import_hydrogen::hydrogen,FR-CH,policy_sccgt_plus_h2
SH::import_synmethane::methane,0.0,SH,import_synmethane::methane,DE-CH,policy_sccgt_plus_h2
NW_OW::import_synmethane::methane,470.3483046554452,NW_OW,import_synmethane::methane,DE-CH,policy_wind_x2
NE::import_syndiesel::diesel,238.77300653257845,NE,import_syndiesel::diesel,FR-CH,policy_wind_x2
SH::import_syndiesel::diesel,238.76412334698142,SH,import_syndiesel::diesel,DE-CH,policy_wind_x2
AG::import_syndiesel::diesel,238.77015509680018,AG,import_syndiesel::diesel,DE-CH,policy_wind_x2
ZG::import_syndiesel::diesel,238.7688126503969,ZG,import_syndiesel::diesel,DE-CH,policy_wind_x2
SG::import_syndiesel::diesel,238.76793825759313,SG,import_syndiesel::diesel,DE-CH,policy_wind_x2
TI::import_synmethane::methane,470.35414686918864,TI,import_synmethane::methane,,policy_wind_x2
AI_AR::import_synmethane::methane,470.27880583334263,AI_AR,import_synmethane::methane,DE-CH,policy_wind_x2
VS::import_synmethane::methane,470.37032679474214,VS,import_synmethane::methane,FR-CH,policy_wind_x2
VD::import_synmethane::methane,470.3947521078088,VD,import_synmethane::methane,FR-CH,policy_wind_x2
VS::import_syndiesel::diesel,238.7720308999994,VS,import_syndiesel::diesel,FR-CH,policy_wind_x2
SH::import_synmethane::methane,470.34891159166375,SH,import_synmethane::methane,DE-CH,policy_wind_x2
NW_OW::import_syndiesel::diesel,238.76995106833465,NW_OW,import_syndiesel::diesel,DE-CH,policy_wind_x2
GR::import_synmethane::methane,470.3262095356604,GR,import_synmethane::methane,DE-CH,policy_wind_x2
GR::import_syndiesel::diesel,238.7692761324057,GR,import_syndiesel::diesel,DE-CH,policy_wind_x2
AI_AR::import_syndiesel::diesel,238.76539598603958,AI_AR,import_syndiesel::diesel,DE-CH,policy_wind_x2
FR::import_syndiesel::diesel,238.77385772098523,FR,import_syndiesel::diesel,FR-CH,policy_wind_x2
LU::import_synmethane::methane,470.3642256608989,LU,import_synmethane::methane,DE-CH,policy_wind_x2
TG::import_synmethane::methane,470.3504073310163,TG,import_synmethane::methane,DE-CH,policy_wind_x2
GL::import_syndiesel::diesel,238.76918221912672,GL,import_syndiesel::diesel,DE-CH,policy_wind_x2
NE::import_synmethane::methane,470.4133755700592,NE,import_synmethane::methane,FR-CH,policy_wind_x2
VD::import_syndiesel::diesel,238.7732224603918,VD,import_syndiesel::diesel,FR-CH,policy_wind_x2
SO::import_syndiesel::diesel,238.7718702306806,SO,import_syndiesel::diesel,DE-CH,policy_wind_x2
FR::import_synmethane::methane,470.4122396919536,FR,import_synmethane::methane,FR-CH,policy_wind_x2
SG::import_synmethane::methane,470.32721702112735,SG,import_synmethane::methane,DE-CH,policy_wind_x2
ZG::import_synmethane::methane,470.3603085168686,ZG,import_synmethane::methane,DE-CH,policy_wind_x2
GE::import_syndiesel::diesel,238.77201151228581,GE,import_syndiesel::diesel,FR-CH,policy_wind_x2
GE::import_synmethane::methane,470.39770254140535,GE,import_synmethane::methane,FR-CH,policy_wind_x2
SZ::import_syndiesel::diesel,238.76917697394552,SZ,import_syndiesel::diesel,DE-CH,policy_wind_x2
ZH::import_synmethane::methane,470.3103358833556,ZH,import_synmethane::methane,DE-CH,policy_wind_x2
TG::import_syndiesel::diesel,238.76615731146651,TG,import_syndiesel::diesel,DE-CH,policy_wind_x2
BL_BS::import_syndiesel::diesel,238.7719738433711,BL_BS,import_syndiesel::diesel,DE-CH,policy_wind_x2
GL::import_synmethane::methane,470.33117081304687,GL,import_synmethane::methane,DE-CH,policy_wind_x2
AG::import_synmethane::methane,470.37432907721893,AG,import_synmethane::methane,DE-CH,policy_wind_x2
ZH::import_syndiesel::diesel,238.76739659507672,ZH,import_syndiesel::diesel,DE-CH,policy_wind_x2
BE::import_syndiesel::diesel,238.77197971566127,BE,import_syndiesel::diesel,DE-CH,policy_wind_x2
UR::import_synmethane::methane,470.3459433340355,UR,import_synmethane::methane,DE-CH,policy_wind_x2
SZ::import_synmethane::methane,470.34578683954226,SZ,import_synmethane::methane,DE-CH,policy_wind_x2
LU::import_syndiesel::diesel,238.76977053295076,LU,import_syndiesel::diesel,DE-CH,policy_wind_x2
SO::import_synmethane::methane,470.41233258913337,SO,import_synmethane::methane,DE-CH,policy_wind_x2
JU::import_synmethane::methane,470.44687890955333,JU,import_synmethane::methane,FR-CH,policy_wind_x2
UR::import_syndiesel::diesel,238.77029072921314,UR,import_syndiesel::diesel,DE-CH,policy_wind_x2
BL_BS::import_synmethane::methane,470.4186145989636,BL_BS,import_synmethane::methane,DE-CH,policy_wind_x2
TI::import_syndiesel::diesel,238.7711885505418,TI,import_syndiesel::diesel,,policy_wind_x2
JU::import_syndiesel::diesel,238.77369599606686,JU,import_syndiesel::diesel,FR-CH,policy_wind_x2
BE::import_synmethane::methane,470.3721370575507,BE,import_synmethane::methane,DE-CH,policy_wind_x2
