relative_land,import_share,ownership_commercial,ownership_community,ownership_public,source_wind,source_gas,source_biomass,source_coal,source_nuclear,transmission_change,price_change,mellot_cost_change_pct,scenario_id
0.012777819247695683,0.12442892217863602,0.6537822441191721,0.037745756105962563,0.3084719997748653,0.054583120414030975,0.016679895130939183,0.007575382609514259,0.0,0.0,0.0,0.2031335268887882,,baseline
0.012777819247695683,0.0863943939081574,0.6537701363231878,0.037747076136222246,0.3084827875405899,0.054585880808336186,0.016685647896996135,0.007520284182120395,0.0,0.0,0.0,-0.039726366081593904,0.0,baseline_no_self_sufficiency_result_4H
0.013617771718560242,0.0,0.6915403661503713,0.033629178122910844,0.27483045572671794,0.04637422846627105,0.013973338484167073,0.00644883225895355,0.0,0.0,0.0,-0.05540776192529309,-0.8,policy_alpine_pv
0.012777814893642832,0.019125836394781992,0.6619248673737194,0.036858012193747826,0.30121712043253285,0.05274601492320793,0.04982887834607511,0.007266832033289921,0.0,0.0,0.0,0.05083488069398184,22.2,policy_chp
0.012777810307161543,0.16534933080705863,0.6537677734113546,0.037747313668644714,0.3084849129200007,0.05458639207430313,0.016675825441662722,0.007520474724515502,0.0,0.0,0.0,-0.01714411248832757,19.2,policy_h2_imports_only
0.022842014882418663,0.13627761480040265,0.6318157496764495,0.061858046921955845,0.30632620340159483,0.08917454749666416,0.08265175730784242,0.007442033352323848,0.0,0.0,0.0,-0.1654108523195575,-17.0,policy_mix
0.025921996371820702,0.0190272353789378,0.636424680986165,0.0714829481791856,0.2920923708346493,0.10097779037000443,0.03138048868758478,0.007021123027481585,0.0,0.0,0.0,-0.09169185286935001,-8.8,policy_remix
0.012777808392054939,0.01936597523333421,0.6929060723479802,0.033480330407852144,0.2736135972441676,0.046091626000750216,0.014089718218557245,0.006390198355485218,0.0,0.0,0.0,0.08426407606918894,33.7,policy_roof_pv
0.012531088668852209,0.14786799350836569,0.6516508063449669,0.03689855316691043,0.3114506404881228,0.05358882795718284,0.09811641731293272,0.00762310037685728,0.0,0.0,0.0,-0.16416050453412542,-16.3,policy_sccgt_daccs
0.012777815469749876,0.07484229163024518,0.6594358741826656,0.03712937005734736,0.303434755759987,0.05330350654784296,0.07998827268103884,0.007412528535774766,0.0,0.0,0.0,-0.08989321688010199,-3.6,policy_sccgt_no_h2
0.01277781222144735,0.07484306101948641,0.6594358079698971,0.03712936674415167,0.3034348252859511,0.053303507111727016,0.07999064272979466,0.007412529275827691,0.0,0.0,0.0,-0.0898930613953343,-3.6,policy_sccgt_plus_h2
0.02555562775979391,0.006225395383286453,0.6299905129939897,0.07274797110305141,0.29726151590295896,0.1035206876374877,0.015824296123779835,0.007131179065054925,0.0,0.0,0.0,0.04720447049864402,18.0,policy_wind_x2
