scenario_id,utility_DE_CH,utility_FR_CH,utility_national,rank_DE_CH,utility_DE_CH_ci94_low,utility_DE_CH_ci94_high,p_rank1_DE_CH,rank_FR_CH,utility_FR_CH_ci94_low,utility_FR_CH_ci94_high,p_rank1_FR_CH,rank_national,utility_national_ci94_low,utility_national_ci94_high,p_rank1_national,mellot_cost_change_pct,rank_mellot_cost,rank_diff_national_vs_mellot
policy_alpine_pv,-0.11000450542876611,-0.13550597886841853,-0.11698705172771856,1,-0.17735830319145574,-0.04257560561162802,0.6775,1,-0.1983518803845277,-0.06312738112238012,0.84425,1,-0.17436656244969423,-0.0581488273403112,0.77925,-0.8,6,-5
policy_sccgt_daccs,-0.1185133901982229,-0.1518084779659083,-0.12762990232508914,2,-0.19237787621840355,-0.045406047451628885,0.30675,2,-0.22250360000388558,-0.07539529339013787,0.15575,2,-0.1889431373287153,-0.06422514869424706,0.21925,-16.3,2,0
policy_remix,-0.13688755517593668,-0.18225855319930137,-0.149310566539477,3,-0.21353582879072433,-0.060753382640989305,0.0135,5,-0.2550746046720328,-0.10367782537824742,0.0,3,-0.21378595602670958,-0.08407255654815297,0.0015,-8.8,3,0
policy_mix,-0.14217607127436582,-0.18765417514915952,-0.15462840924008314,4,-0.22184296944142362,-0.06314654398231857,0.00225,6,-0.26430481671649675,-0.10554659072885696,0.0,4,-0.22132620578461204,-0.08667446803362086,0.0,-17.0,1,3
policy_sccgt_no_h2,-0.16303142438114987,-0.1754537785707172,-0.16643278326638855,5,-0.2316207180178503,-0.09413790665646626,0.0,3,-0.24037499387301392,-0.10250978386185501,0.0,5,-0.2249804057543488,-0.10687264621580397,0.0,-3.6,4,1
policy_sccgt_plus_h2,-0.1630341439608429,-0.1754557037027082,-0.16643528531873458,6,-0.23162340791465091,-0.09414049849255929,0.0,4,-0.24037703803695704,-0.10251175670855843,0.0,6,-0.22498316251833897,-0.10687521140325619,0.0,-3.6,4,2
baseline_no_self_sufficiency_result_4H,-0.20225688459942207,-0.19417976282682364,-0.20004529173311536,7,-0.2682887033783202,-0.13632254047977838,0.0,7,-0.2561589376992377,-0.1235235598932266,0.0,7,-0.25638907195483346,-0.14261661426371994,0.0,0.0,7,0
policy_h2_imports_only,-0.3043416822765008,-0.26046555179953074,-0.2923279798839971,8,-0.37426082861970755,-0.23363450676213504,0.0,8,-0.3263338364879088,-0.18702494761097688,0.0,8,-0.35160340698789766,-0.23300618462115533,0.0,19.2,9,-1
policy_chp,-0.31613152131716277,-0.265088361918283,-0.3021554181484219,9,-0.3837809640844082,-0.24898473815101552,0.0,9,-0.3277232350023713,-0.19472577718119627,0.0,9,-0.3578540108954811,-0.24584642526532155,0.0,22.2,10,-1
policy_wind_x2,-0.3324335655613914,-0.30054500548441404,-0.32370217411174285,10,-0.40726256297670926,-0.2564605569593988,0.0,11,-0.37252482872409054,-0.2225415790422649,0.0,10,-0.38547566600733263,-0.2600611788103559,0.0,18.0,8,2
policy_roof_pv,-0.3446677493727529,-0.27978054015155157,-0.3269010135145668,11,-0.4133083643540182,-0.27576828306124385,0.0,10,-0.34424028116847916,-0.20592105005241743,0.0,11,-0.3842503274862909,-0.2679491917891079,0.0,33.7,11,0
baseline,-0.6193794667792561,-0.4536685224016261,-0.5740062320091908,12,-0.6953215721483053,-0.5427734438025443,0.0,12,-0.5248193034101654,-0.3768435318419603,0.0,12,-0.6370848455959681,-0.5099839013022671,0.0,,,
